text,actual_category,original,keep_rare_phrases,less_regularization
The app failed to verify my id.,unable_to_verify_identity,unable_to_verify_identity,unable_to_verify_identity,unable_to_verify_identity
What are the fees imposed when I make a transaction?,card_payment_fee_charged,cancel_transfer,cancel_transfer,top_up_by_bank_transfer_charge
Can you tell me why I haven't received my new card yet?,card_arrival,card_arrival,card_arrival,card_arrival
I made a purchase with my card and I was charged a fee for using it,card_payment_fee_charged,card_payment_fee_charged,card_payment_fee_charged,card_payment_fee_charged
Why is there a verification to identity,why_verify_identity,why_verify_identity,why_verify_identity,why_verify_identity
"Hi, I am unable to see transaction in my account which i made couples of hours ago from my UK account. Please help me in this.",balance_not_updated_after_bank_transfer,balance_not_updated_after_bank_transfer,balance_not_updated_after_bank_transfer,balance_not_updated_after_bank_transfer
need to verify source of funds,verify_source_of_funds,verify_source_of_funds,verify_source_of_funds,verify_source_of_funds
The atm wouldn't give out cash,declined_cash_withdrawal,declined_cash_withdrawal,declined_cash_withdrawal,declined_cash_withdrawal
Which cards do you support for top up?,supported_cards_and_currencies,supported_cards_and_currencies,supported_cards_and_currencies,supported_cards_and_currencies
What do I need to do for a refund?,request_refund,Refund_not_showing_up,Refund_not_showing_up,Refund_not_showing_up
Can I use my American Express card with Apple Pay?,apple_pay_or_google_pay,apple_pay_or_google_pay,apple_pay_or_google_pay,apple_pay_or_google_pay
I used this account a lot during the last month to manage my payments for my new place abroad. Seems that suddenly fees have increased? Shouldn't you instead reward your frequent customers instead of putting an additional fee suddenly?!,transfer_fee_charged,transfer_fee_charged,transfer_fee_charged,transfer_fee_charged
How do I get my money back for something I bought?,request_refund,request_refund,request_refund,request_refund
Why has my top-up been denied?,top_up_failed,top_up_reverted,top_up_reverted,top_up_failed
I'm at the ATM right now and it only allowed me to withdraw 10 pounds instead of my requested 30. What's going on? How can I fix this?,wrong_amount_of_cash_received,wrong_amount_of_cash_received,wrong_amount_of_cash_received,wrong_amount_of_cash_received
Is exchanging currencies a feature of the app?,exchange_via_app,exchange_charge,exchange_charge,exchange_via_app
What could possibly be the cause of my failed transfer?,failed_transfer,failed_transfer,failed_transfer,failed_transfer
"I needed to send my friends some money urgently.  I tried multiple times to transfer the money this morning, but the transfer keeps failing.  Can you tell me why the transfer is getting rejected?",failed_transfer,failed_transfer,failed_transfer,failed_transfer
What ATMs can I use my card at?,atm_support,atm_support,atm_support,atm_support
"I tried to top up, but the funds show up as pending. I thought it was instant?",pending_top_up,pending_top_up,pending_top_up,pending_top_up
How can I get a disposable virtual card?,get_disposable_virtual_card,get_disposable_virtual_card,get_disposable_virtual_card,get_disposable_virtual_card
Why does my transfer still say it is pending?,pending_transfer,pending_transfer,pending_transfer,pending_transfer
Can I directly deposit my salary to this account?,receiving_money,receiving_money,receiving_money,receiving_money
Show me how to verify my identity?,verify_my_identity,verify_my_identity,verify_my_identity,verify_my_identity
Why is there an uknown charge showing on my account?,card_payment_not_recognised,extra_charge_on_statement,extra_charge_on_statement,extra_charge_on_statement
I have a reverted top up I made and wanted to know why it didn't go through.,top_up_reverted,top_up_reverted,top_up_reverted,top_up_reverted
Why is your exchange rate different on different days?,exchange_rate,card_payment_wrong_exchange_rate,card_payment_wrong_exchange_rate,card_payment_wrong_exchange_rate
How does my top-up got cancelled?,top_up_reverted,top_up_reverted,top_up_reverted,top_up_reverted
What should I do once my card expires?,card_about_to_expire,card_about_to_expire,card_about_to_expire,card_about_to_expire
Can you please explain why my beneficiary is not allowed?,beneficiary_not_allowed,beneficiary_not_allowed,beneficiary_not_allowed,beneficiary_not_allowed
How come I got to pay to get my money from the ATM?,cash_withdrawal_charge,declined_cash_withdrawal,declined_cash_withdrawal,declined_cash_withdrawal
Can I add money in intervals to my account?  I will be traveling.,automatic_top_up,automatic_top_up,automatic_top_up,automatic_top_up
I have yet to receive the cash I added to my account this morning.,balance_not_updated_after_cheque_or_cash_deposit,balance_not_updated_after_cheque_or_cash_deposit,balance_not_updated_after_cheque_or_cash_deposit,balance_not_updated_after_cheque_or_cash_deposit
When can I expect the transfer to arrive in my account?,transfer_timing,transfer_timing,transfer_timing,transfer_timing
What are the disposable card limits?,disposable_card_limits,disposable_card_limits,disposable_card_limits,disposable_card_limits
My top-up is still pending,pending_top_up,pending_top_up,pending_top_up,pending_top_up
Can I use a check to get gas?,top_up_by_cash_or_cheque,top_up_by_cash_or_cheque,top_up_by_cash_or_cheque,top_up_by_cash_or_cheque
"My transfer did not work, what was the reason?",failed_transfer,failed_transfer,failed_transfer,failed_transfer
There is a payment with my card which i definitely did not do.,card_payment_not_recognised,card_payment_not_recognised,card_payment_not_recognised,card_payment_not_recognised
I know there's an auto-top option but I can not locate it when I look?,automatic_top_up,automatic_top_up,automatic_top_up,automatic_top_up
"I want to reactivate my card, I thought I had lost it but I found it.",card_linking,card_linking,card_linking,card_linking
The ATM wouldn't allow me to withdraw money,declined_cash_withdrawal,declined_cash_withdrawal,declined_cash_withdrawal,declined_cash_withdrawal
"Hello there, I tried using crypto top up today but it's not working for me, might it be due to the kind of bank I'm using or the country that I'm from?Money is also missing from my account",top_up_reverted,top_up_reverted,top_up_reverted,top_up_reverted
Are there ATM fees?,cash_withdrawal_charge,cash_withdrawal_charge,cash_withdrawal_charge,cash_withdrawal_charge
"I found my card, am I able to put it back into the app?",card_linking,card_linking,card_linking,card_linking
Why is the payment showing as pending from things I bought this morning?,pending_card_payment,pending_card_payment,pending_card_payment,pending_card_payment
Where do I pay with my card?,card_acceptance,card_acceptance,card_acceptance,card_acceptance
What process should I use to transfer money into my account?,transfer_into_account,transfer_into_account,transfer_into_account,transfer_into_account
I did not get the right exchange rate while getting my cash out.,wrong_exchange_rate_for_cash_withdrawal,wrong_exchange_rate_for_cash_withdrawal,wrong_exchange_rate_for_cash_withdrawal,wrong_exchange_rate_for_cash_withdrawal
"I got a new card, how do I link it?",card_linking,card_linking,card_linking,card_linking
"I put some money in my account the other day and it's not gone in yet, can you help with this?",balance_not_updated_after_cheque_or_cash_deposit,balance_not_updated_after_cheque_or_cash_deposit,balance_not_updated_after_cheque_or_cash_deposit,balance_not_updated_after_cheque_or_cash_deposit
"My top-up does not seem to have worked, what  went wrong?",top_up_failed,top_up_reverted,top_up_reverted,top_up_reverted
I'm in China and really need a new card.,card_about_to_expire,card_about_to_expire,card_about_to_expire,card_about_to_expire
My payment was stopped,reverted_card_payment?,reverted_card_payment?,reverted_card_payment?,reverted_card_payment?
top up by my card is that possible?,topping_up_by_card,topping_up_by_card,topping_up_by_card,topping_up_by_card
Why was I charged extra using my card?,card_payment_fee_charged,card_payment_fee_charged,card_payment_fee_charged,card_payment_fee_charged
Why is the exchange rate wrong for my cash withdrawal?,wrong_exchange_rate_for_cash_withdrawal,wrong_exchange_rate_for_cash_withdrawal,wrong_exchange_rate_for_cash_withdrawal,wrong_exchange_rate_for_cash_withdrawal
There is a payment in my app that I did not make.  I have not used that card all day  Please reimburse my money.,direct_debit_payment_not_recognised,card_payment_not_recognised,card_payment_not_recognised,card_payment_not_recognised
My card won't work right now.,card_not_working,card_not_working,card_not_working,card_not_working
why would a merchant refuse a payment,reverted_card_payment?,reverted_card_payment?,reverted_card_payment?,reverted_card_payment?
How do I withdraw money?,atm_support,atm_support,atm_support,atm_support
My top up is incomplete.,pending_top_up,pending_top_up,pending_top_up,pending_top_up
My first choice would be Mastercard.,visa_or_mastercard,visa_or_mastercard,visa_or_mastercard,visa_or_mastercard
I made a check deposit but the cash hasn't arrived in my account yet.,balance_not_updated_after_cheque_or_cash_deposit,balance_not_updated_after_cheque_or_cash_deposit,balance_not_updated_after_cheque_or_cash_deposit,balance_not_updated_after_cheque_or_cash_deposit
Why can't I see my refund in my statement?,Refund_not_showing_up,Refund_not_showing_up,Refund_not_showing_up,Refund_not_showing_up
What is going on? My balance still hasn't updated and it has been two weeks since I deposited my money!,balance_not_updated_after_cheque_or_cash_deposit,balance_not_updated_after_cheque_or_cash_deposit,balance_not_updated_after_cheque_or_cash_deposit,balance_not_updated_after_cheque_or_cash_deposit
what is this extra charge with my purchase?,card_payment_fee_charged,extra_charge_on_statement,extra_charge_on_statement,card_payment_fee_charged
Transfer has failed.,failed_transfer,failed_transfer,failed_transfer,failed_transfer
My balance is not what I thought it was following an ATM withdrawal,pending_cash_withdrawal,cash_withdrawal_charge,cash_withdrawal_charge,cash_withdrawal_charge
What payment methods are used to top up?,supported_cards_and_currencies,top_up_by_cash_or_cheque,top_up_by_cash_or_cheque,top_up_by_cash_or_cheque
I need to report a stolen card,lost_or_stolen_card,lost_or_stolen_card,lost_or_stolen_card,lost_or_stolen_card
I haven't received the cash from the check I deposited.,balance_not_updated_after_cheque_or_cash_deposit,balance_not_updated_after_cheque_or_cash_deposit,balance_not_updated_after_cheque_or_cash_deposit,balance_not_updated_after_cheque_or_cash_deposit
i am under 18 and i am trying to verify my id. why wont it work?,unable_to_verify_identity,unable_to_verify_identity,unable_to_verify_identity,unable_to_verify_identity
Will I be charged for a cash withdrawal?,cash_withdrawal_charge,cash_withdrawal_charge,cash_withdrawal_charge,cash_withdrawal_charge
I am 16 and just started working at McDonalds can I deposit my checks at your bank?,age_limit,balance_not_updated_after_cheque_or_cash_deposit,balance_not_updated_after_cheque_or_cash_deposit,balance_not_updated_after_cheque_or_cash_deposit
What do I do if my smart phone was stolen?,lost_or_stolen_phone,lost_or_stolen_phone,lost_or_stolen_phone,lost_or_stolen_phone
What currencies are supported?,fiat_currency_support,fiat_currency_support,fiat_currency_support,fiat_currency_support
My card is about to expire.  Are there any costs with a replacement card?  How quick do you mail it to me?,card_about_to_expire,card_about_to_expire,card_about_to_expire,card_about_to_expire
"I'm waiting on a top-up, its still pending",pending_top_up,pending_top_up,pending_top_up,pending_top_up
"I received my card, how do I get it to work in the app?",card_linking,card_linking,card_linking,card_linking
when will my transfer clear,pending_transfer,pending_transfer,pending_transfer,transfer_timing
I have not received a refund.,Refund_not_showing_up,Refund_not_showing_up,Refund_not_showing_up,Refund_not_showing_up
"I just checked my statement and saw a $1 charge, why is it there?",extra_charge_on_statement,extra_charge_on_statement,extra_charge_on_statement,extra_charge_on_statement
"Declined, transfer not completed.",declined_transfer,declined_transfer,declined_transfer,declined_transfer
"When I bought something abroad, the exchange rate was wrong.",card_payment_wrong_exchange_rate,card_payment_wrong_exchange_rate,card_payment_wrong_exchange_rate,card_payment_wrong_exchange_rate
"Can I add other people to my account, so they can top up?",topping_up_by_card,top_up_by_cash_or_cheque,top_up_by_cash_or_cheque,topping_up_by_card
Hi I'm sending some money over to an investment bank I do business and the transaction is being rejected. I'm not sure why as I think I have the right details.,failed_transfer,transfer_not_received_by_recipient,transfer_not_received_by_recipient,transfer_not_received_by_recipient
How can I use my credit card to transfer money?,topping_up_by_card,topping_up_by_card,topping_up_by_card,topping_up_by_card
Are EUR exchanges acceptable?,fiat_currency_support,fiat_currency_support,fiat_currency_support,fiat_currency_support
I'm not sure how disposable virtual cards work. Please help.,get_disposable_virtual_card,get_disposable_virtual_card,get_disposable_virtual_card,get_disposable_virtual_card
Are there businesses that don't accept this card?,card_acceptance,card_acceptance,card_acceptance,card_acceptance
How do you determine exchange rates?,exchange_rate,exchange_rate,exchange_rate,exchange_rate
My card was stolen last night.,lost_or_stolen_card,lost_or_stolen_card,lost_or_stolen_card,lost_or_stolen_card
How do I use a check to top up?,top_up_by_cash_or_cheque,top_up_by_cash_or_cheque,top_up_by_cash_or_cheque,top_up_by_cash_or_cheque
Do you support direct deposits from my employer?,receiving_money,supported_cards_and_currencies,supported_cards_and_currencies,supported_cards_and_currencies
Is a new debit card free?,getting_spare_card,direct_debit_payment_not_recognised,direct_debit_payment_not_recognised,direct_debit_payment_not_recognised
"My card is stuck inside the ATM, what am I supposed to do?",card_swallowed,card_swallowed,card_swallowed,card_swallowed
Can I see where my funds come from?,verify_source_of_funds,verify_source_of_funds,verify_source_of_funds,verify_source_of_funds
I want to cancel my account.,terminate_account,cancel_transfer,cancel_transfer,terminate_account
Help me terminate and close my account.,terminate_account,terminate_account,terminate_account,terminate_account
can usa residents get a card?,country_support,country_support,country_support,country_support
I received an extra charge for using the card. Why?,card_payment_fee_charged,card_payment_fee_charged,card_payment_fee_charged,card_payment_fee_charged
What will I need to verify my identity,verify_my_identity,verify_my_identity,verify_my_identity,verify_my_identity
I just replaced my phone so do I have to make a new account?,lost_or_stolen_phone,lost_or_stolen_phone,lost_or_stolen_phone,lost_or_stolen_phone
Are the delivery days flexible?  My schedule only allows me to be a available on specific dates.,card_delivery_estimate,card_delivery_estimate,card_delivery_estimate,card_delivery_estimate
Do I need to convert my currency from GBP before transferring?,receiving_money,exchange_via_app,exchange_via_app,exchange_via_app
"I topped up recently and saw the money go through, but now it's just gone? What's going on",top_up_reverted,top_up_reverted,top_up_reverted,top_up_reverted
Is there a charge for using transfers for top ups?,top_up_by_bank_transfer_charge,top_up_by_card_charge,top_up_by_card_charge,top_up_by_card_charge
What do I have to do to cancel a transfer?,cancel_transfer,cancel_transfer,cancel_transfer,cancel_transfer
Can I get a new pin number at any ATM using my card?,change_pin,change_pin,get_physical_card,declined_cash_withdrawal
I can't find my refund. Please help.,Refund_not_showing_up,Refund_not_showing_up,Refund_not_showing_up,Refund_not_showing_up
My card hasn't came in the mail yet?,card_arrival,card_arrival,card_arrival,card_arrival
Can I choose my card scheme?,visa_or_mastercard,card_delivery_estimate,visa_or_mastercard,visa_or_mastercard
I sent a payment but now it's not showing up.,reverted_card_payment?,reverted_card_payment?,reverted_card_payment?,reverted_card_payment?
I haven't received my card and am worried it is lost.,card_arrival,card_arrival,card_arrival,card_arrival
My payment has not been accepted.,reverted_card_payment?,reverted_card_payment?,reverted_card_payment?,reverted_card_payment?
"Help me please, My Apple Pay American Express top up does not work.",apple_pay_or_google_pay,apple_pay_or_google_pay,apple_pay_or_google_pay,apple_pay_or_google_pay
There is an extra 1£ charge on my app. Why did you charge me extra?,extra_charge_on_statement,extra_charge_on_statement,extra_charge_on_statement,extra_charge_on_statement
I need another card,getting_spare_card,getting_spare_card,getting_spare_card,getting_spare_card
"I've been waiting for something that i've ordered for months now and it still hasn't arrived. I genuinely don't know what this company is doing, but put plainly, i've had enough. Please issue a refund immediately, i would not like to waste anymore of my time on these people.",request_refund,request_refund,request_refund,request_refund
I made a transfer into my account and now I need to cancel it,cancel_transfer,cancel_transfer,cancel_transfer,cancel_transfer
There is a payment that i made that i noticed has not gone thru yet. Can i ask why?,pending_card_payment,card_payment_not_recognised,card_payment_not_recognised,pending_card_payment
What are the acceptable currencies for adding funds?,supported_cards_and_currencies,supported_cards_and_currencies,supported_cards_and_currencies,supported_cards_and_currencies
The app shows Direct Debit payments that I didn't make,direct_debit_payment_not_recognised,direct_debit_payment_not_recognised,direct_debit_payment_not_recognised,direct_debit_payment_not_recognised
Show me where to order my card.,order_physical_card,order_physical_card,order_physical_card,order_physical_card
My card is stuck inside the ATM.,card_swallowed,card_swallowed,card_swallowed,card_swallowed
Why was i charged for making a withdrawal? After i went grocery shopping i withdrew some money from my account and now there is another charge.,cash_withdrawal_charge,cash_withdrawal_charge,cash_withdrawal_charge,cash_withdrawal_charge
My app shows a payment I didn't make,card_payment_not_recognised,card_payment_not_recognised,card_payment_not_recognised,card_payment_not_recognised
"I took out money, and didn't get all of it.",wrong_amount_of_cash_received,wrong_amount_of_cash_received,wrong_amount_of_cash_received,wrong_amount_of_cash_received
Will my card work at all merchant locations?,card_acceptance,card_not_working,card_not_working,card_not_working
I need help with some transactions in my account that I dont recognize or remember purchasing. Im not sure if the name is just different or what. Should my card be put on hold while the issue gets figured out to be safe or is it ok?,card_payment_not_recognised,card_payment_not_recognised,card_payment_not_recognised,card_payment_not_recognised
Why do I have a charge for an ATM withdrawal? I thought these were free?,cash_withdrawal_charge,cash_withdrawal_charge,cash_withdrawal_charge,cash_withdrawal_charge
What currencies do you offer?,fiat_currency_support,fiat_currency_support,fiat_currency_support,fiat_currency_support
my refund has not hit my account yet,Refund_not_showing_up,Refund_not_showing_up,Refund_not_showing_up,Refund_not_showing_up
There is a strange 1£ charge that appears as pending on my statement. What's the cause for that? I haven't purchased anything for a pound.,extra_charge_on_statement,extra_charge_on_statement,extra_charge_on_statement,extra_charge_on_statement
Why would my transfer be declined?,declined_transfer,declined_transfer,declined_transfer,declined_transfer
The ATM won't give me my card back. I need it back now!,card_swallowed,card_swallowed,card_swallowed,card_swallowed
My money transaction can't be seen by the person I sent it to,transfer_not_received_by_recipient,transfer_not_received_by_recipient,transfer_not_received_by_recipient,transfer_not_received_by_recipient
I no longer want to keep this account.,terminate_account,terminate_account,terminate_account,terminate_account
I want to activate the card.,activate_my_card,activate_my_card,activate_my_card,activate_my_card
I just initiated a transfer but I'd like to cancel it.,cancel_transfer,cancel_transfer,cancel_transfer,cancel_transfer
My card payment's cancelled,reverted_card_payment?,reverted_card_payment?,reverted_card_payment?,reverted_card_payment?
I've been trying to do a transfer multiple times and have failed? Is the system down?,failed_transfer,failed_transfer,failed_transfer,failed_transfer
Can I electronically transfer funds into my account from my American Express?,supported_cards_and_currencies,supported_cards_and_currencies,supported_cards_and_currencies,supported_cards_and_currencies
Why is the exchange rate on my card wrong?,card_payment_wrong_exchange_rate,card_payment_wrong_exchange_rate,card_payment_wrong_exchange_rate,card_payment_wrong_exchange_rate
I can't use my card because it is not working.,card_not_working,card_not_working,card_not_working,card_not_working
I can't enter my passcode.,passcode_forgotten,passcode_forgotten,passcode_forgotten,passcode_forgotten
I would like to cancel a transfer...is this possible?,cancel_transfer,cancel_transfer,cancel_transfer,cancel_transfer
I am having a problem proving who I am,unable_to_verify_identity,unable_to_verify_identity,unable_to_verify_identity,unable_to_verify_identity
It didn't give me my cash,wrong_amount_of_cash_received,wrong_amount_of_cash_received,wrong_amount_of_cash_received,wrong_amount_of_cash_received
"I made a mistake on the last transfer I made, who must I speak with to cancel?",cancel_transfer,cancel_transfer,cancel_transfer,cancel_transfer
"Hi, I used an ATM today to take money out of my account, but the amount it gave me is not the amount I requested. What should I do?",wrong_amount_of_cash_received,wrong_amount_of_cash_received,wrong_amount_of_cash_received,wrong_amount_of_cash_received
What information do I need to see my source of money?,verify_source_of_funds,verify_source_of_funds,verify_source_of_funds,verify_source_of_funds
Is there a fee for exchanging currency?,exchange_charge,exchange_charge,exchange_charge,exchange_charge
Where is the closest ATM to me?,atm_support,atm_support,atm_support,atm_support
I withdrew $100 but only received $20,wrong_amount_of_cash_received,wrong_amount_of_cash_received,wrong_amount_of_cash_received,wrong_amount_of_cash_received
I was mistakenly charged a fee for using my card.,card_payment_fee_charged,card_payment_fee_charged,card_payment_fee_charged,card_payment_fee_charged
Why does it still charge me even though I was unable to withdraw money from the ATM?,pending_cash_withdrawal,declined_cash_withdrawal,declined_cash_withdrawal,declined_cash_withdrawal
Where do I go to fill out the identity form?,verify_my_identity,verify_my_identity,verify_my_identity,verify_my_identity
Can I pick a new PIN?,change_pin,change_pin,change_pin,change_pin
"I transferred money to a receiver within the EU and they received a lesser amount than expected.  Now I will have to send additional money to the receiver in order to make up the difference.  I'm not sure what went wrong, can you please advise?",transfer_fee_charged,transfer_fee_charged,transfer_fee_charged,transfer_fee_charged
Can you tell me how do I get a card?,order_physical_card,order_physical_card,order_physical_card,order_physical_card
Why is top up not working for my apple pay app,apple_pay_or_google_pay,apple_pay_or_google_pay,apple_pay_or_google_pay,apple_pay_or_google_pay
What flat currencies do you use for holding and exchanges.,fiat_currency_support,fiat_currency_support,fiat_currency_support,fiat_currency_support
How long do I have to wait until the transferred money shows up?,balance_not_updated_after_bank_transfer,balance_not_updated_after_bank_transfer,balance_not_updated_after_bank_transfer,balance_not_updated_after_bank_transfer
where is card accepted,card_acceptance,card_acceptance,card_acceptance,card_acceptance
"I'd lke my card reactivated, I was thinking it was misplaced but I discovered when I woke up that I had left it in my coat.",card_linking,top_up_reverted,top_up_reverted,top_up_reverted
Why can't I use my card?,card_not_working,card_acceptance,card_acceptance,card_acceptance
Why was I charged twice for the same thing?,transaction_charged_twice,transaction_charged_twice,transaction_charged_twice,transaction_charged_twice
I am not happy with your service and request that my account be terminated!,terminate_account,terminate_account,terminate_account,terminate_account
I made a transfer and was charged extra. Why?,transfer_fee_charged,transfer_fee_charged,transfer_fee_charged,transfer_fee_charged
"I tried using my card, but it doesn't work.",card_not_working,card_not_working,card_not_working,card_not_working
How do I get another card,getting_spare_card,getting_spare_card,getting_spare_card,getting_spare_card
Does it cost anything to transfer money for a top-up?,top_up_by_bank_transfer_charge,top_up_by_card_charge,top_up_by_card_charge,top_up_by_card_charge
Where can I find the verification code for the top up card?,verify_top_up,verify_top_up,verify_top_up,verify_top_up
"I want to get rid of the account, and delete personal information .",terminate_account,terminate_account,terminate_account,terminate_account
I got billed an extra pound!,extra_charge_on_statement,extra_charge_on_statement,extra_charge_on_statement,extra_charge_on_statement
What is the identity verification process?,verify_my_identity,verify_my_identity,verify_my_identity,verify_my_identity
I thought transfers were free. Why was I charged to transfer?,transfer_fee_charged,transfer_fee_charged,transfer_fee_charged,transfer_fee_charged
"Hello, I was just went through my recent transaction on my bank account and I just noticed that I was charged twice at a place that ate at this past week. Can I get that second transaction removed from my account?",transaction_charged_twice,transaction_charged_twice,transaction_charged_twice,transaction_charged_twice
Is there a strict timeline regarding disputing transactions made on my account? I just noticed a fraudulent charge on a statement from a couple months ago.,direct_debit_payment_not_recognised,direct_debit_payment_not_recognised,direct_debit_payment_not_recognised,direct_debit_payment_not_recognised
I think I was charged extra on my payment on last Saturday.  Maybe the exchange rate was wrong?  I'd like a refund.,card_payment_wrong_exchange_rate,card_payment_wrong_exchange_rate,card_payment_wrong_exchange_rate,card_payment_wrong_exchange_rate
how to i go about getting my virtual card,getting_virtual_card,getting_virtual_card,getting_virtual_card,getting_virtual_card
I did not receive the right amount of cash.,wrong_amount_of_cash_received,wrong_amount_of_cash_received,wrong_amount_of_cash_received,wrong_amount_of_cash_received
What businesses can I use this card with?,card_acceptance,card_acceptance,card_acceptance,card_acceptance
why is there a fee for a payment on my card?,card_payment_fee_charged,card_payment_fee_charged,card_payment_fee_charged,card_payment_fee_charged
What documentation do you accept for the identity check?,verify_my_identity,verify_my_identity,verify_my_identity,verify_my_identity
"Hey a seller just contacted me that my money didn't come through. It was definitely deducted from my account, but now it appears it's back with me! Sort this out asap please.",reverted_card_payment?,reverted_card_payment?,reverted_card_payment?,reverted_card_payment?
Why am I charged a fee when using my debit or credit card?,card_payment_fee_charged,card_payment_fee_charged,card_payment_fee_charged,card_payment_fee_charged
Can you tell me what I need to do for the identity check process?,verify_my_identity,verify_my_identity,verify_my_identity,verify_my_identity
Why would the app deny my top-up?,top_up_failed,top_up_failed,top_up_failed,top_up_failed
"I had a seller reach out to me saying my money didn't come through to them, but I'm sure it was removed from my account. Can you figure out what the deal is here?",reverted_card_payment?,reverted_card_payment?,reverted_card_payment?,reverted_card_payment?
Hello I changed my mind and really need a refund on something I bought recently. Can you please cancel the transaction and get me my money back. Please it's urgent.,request_refund,request_refund,request_refund,request_refund
How often am I able to top-up?,top_up_limits,top_up_by_cash_or_cheque,top_up_by_cash_or_cheque,top_up_limits
I am from X but am traveling to Y - how do I get currency for Y?,exchange_via_app,exchange_via_app,exchange_via_app,exchange_via_app
I am travelling and I tried to withdraw cash but didn't get what I was supposed to get.,wrong_exchange_rate_for_cash_withdrawal,declined_cash_withdrawal,declined_cash_withdrawal,declined_cash_withdrawal
"Hello. I bought an item a while ago, and have since requested a refund.  However, upon checking my online statements, it seems that I haven't been issued a refund yet.  How can this be remedied?",Refund_not_showing_up,request_refund,request_refund,request_refund
How will I know when I get my refund?,Refund_not_showing_up,Refund_not_showing_up,Refund_not_showing_up,Refund_not_showing_up
"what is going on, i have entered my passcode and its not working",passcode_forgotten,passcode_forgotten,passcode_forgotten,passcode_forgotten
There's a duplicate charge on my account?,transaction_charged_twice,transaction_charged_twice,transaction_charged_twice,transaction_charged_twice
I completed I transfer the day before yesterday in this country. The transfer still is not complete. I've checked on the account number multiple times to make sure that it is the right one. Can you check to see what's going on with this?,transfer_not_received_by_recipient,transfer_not_received_by_recipient,transfer_not_received_by_recipient,transfer_not_received_by_recipient
What is your opinion on the exchange rate?,exchange_rate,exchange_rate,exchange_rate,exchange_rate
Where can I find the verification code for a top-up?,verify_top_up,verify_top_up,verify_top_up,verify_top_up
Can you let me know why my cash withdrawal is still pending?,pending_cash_withdrawal,pending_cash_withdrawal,pending_cash_withdrawal,pending_cash_withdrawal
Where is my missing cheque I deposited?,balance_not_updated_after_cheque_or_cash_deposit,balance_not_updated_after_cheque_or_cash_deposit,balance_not_updated_after_cheque_or_cash_deposit,balance_not_updated_after_cheque_or_cash_deposit
How can my boss pay me directly to the card?,receiving_money,receiving_money,receiving_money,receiving_money
Is there a fee for paying by card?,card_payment_fee_charged,card_payment_fee_charged,card_payment_fee_charged,card_payment_fee_charged
I received the wrong amount of cash from the ATM. Can you help?,wrong_amount_of_cash_received,wrong_amount_of_cash_received,wrong_amount_of_cash_received,wrong_amount_of_cash_received
I bought an item that I was charged a different exchange rate for.,card_payment_wrong_exchange_rate,card_payment_wrong_exchange_rate,card_payment_wrong_exchange_rate,card_payment_wrong_exchange_rate
would I need to pay extra for exchanging currencies?,exchange_charge,exchange_charge,exchange_charge,exchange_charge
What kind of fiat currencies are supported for holding and exchange?,fiat_currency_support,fiat_currency_support,fiat_currency_support,fiat_currency_support
What currencies do you accept to add money?,supported_cards_and_currencies,supported_cards_and_currencies,supported_cards_and_currencies,supported_cards_and_currencies
My card hasn't been working when I try to use it.,card_not_working,card_not_working,card_not_working,card_not_working
Why was I charged twice for my item!,transaction_charged_twice,transaction_charged_twice,transaction_charged_twice,transaction_charged_twice
Please update me on whether you have received the funds for the refund of the large purchase I made recently. I have requested this from the merchant days ago but still haven't got anything.,Refund_not_showing_up,Refund_not_showing_up,Refund_not_showing_up,Refund_not_showing_up
Will there be a charge for exchanging foreign currency?,exchange_charge,exchange_charge,exchange_charge,exchange_charge
Is there a  way to  get around fees,card_payment_fee_charged,getting_spare_card,getting_spare_card,card_payment_fee_charged
there is a transfer pending.,pending_transfer,pending_transfer,pending_transfer,pending_transfer
I can't find out how to top-up my account using cash.,top_up_by_cash_or_cheque,top_up_by_cash_or_cheque,top_up_by_cash_or_cheque,top_up_by_cash_or_cheque
I requested a refund from a merchant but don't see the money in my account.  Are you able to check with the merchant or process the refund manually?,Refund_not_showing_up,Refund_not_showing_up,Refund_not_showing_up,Refund_not_showing_up
Why do you require identification documents,why_verify_identity,verify_my_identity,verify_my_identity,verify_my_identity
My transfer hasn't appeared yet,pending_transfer,pending_transfer,pending_transfer,pending_transfer
Will I be charged to top off my account?,top_up_by_bank_transfer_charge,top_up_by_bank_transfer_charge,top_up_by_bank_transfer_charge,top_up_by_bank_transfer_charge
"I really wanted to buy something online but seems the card is not working as the payment suddenly came back! What's going on here, I've been trying for a good week or two.",reverted_card_payment?,reverted_card_payment?,reverted_card_payment?,reverted_card_payment?
My card payment was reverted,reverted_card_payment?,reverted_card_payment?,reverted_card_payment?,reverted_card_payment?
"Help! I'm missing money, I deposited a cheque but its not showing on my balance.",balance_not_updated_after_cheque_or_cash_deposit,balance_not_updated_after_cheque_or_cash_deposit,balance_not_updated_after_cheque_or_cash_deposit,balance_not_updated_after_cheque_or_cash_deposit
I tried to get gas but my money was gone!,topping_up_by_card,declined_cash_withdrawal,declined_cash_withdrawal,declined_cash_withdrawal
When will my top up go through?,pending_top_up,pending_top_up,pending_top_up,pending_top_up
"I have been double charged for a couple of things this week, and would appreciate a refund for the duplicate charges.",transaction_charged_twice,transaction_charged_twice,transaction_charged_twice,transaction_charged_twice
Is there a reason why my card was declined when I attempted to withdraw money?,declined_cash_withdrawal,declined_card_payment,declined_card_payment,declined_card_payment
Why is their a charge pending on my card still?,pending_card_payment,pending_card_payment,pending_card_payment,pending_card_payment
I am inquiring about your auto top up feature.,automatic_top_up,automatic_top_up,automatic_top_up,automatic_top_up
Can you tell me how I would go about learning where my funds came from?,verify_source_of_funds,verify_source_of_funds,verify_source_of_funds,verify_source_of_funds
"If I were to do a transfer, what is the rate for that?",top_up_by_bank_transfer_charge,top_up_by_bank_transfer_charge,top_up_by_bank_transfer_charge,top_up_by_bank_transfer_charge
Where can I activate my card?,activate_my_card,activate_my_card,activate_my_card,activate_my_card
Why is my top-up pending?,pending_top_up,pending_top_up,pending_top_up,pending_top_up
is it free to add money to my card,top_up_by_card_charge,top_up_by_card_charge,top_up_by_card_charge,top_up_by_card_charge
Why do I need to verify the top-up?,verify_top_up,verify_top_up,verify_top_up,verify_top_up
Where do I order a virtual card?,getting_virtual_card,getting_virtual_card,getting_virtual_card,getting_virtual_card
Is it possible to get a new card in China?,card_about_to_expire,card_about_to_expire,card_about_to_expire,card_about_to_expire
Can I reactivate my card? I reported it lost and found it this morning in my jacket.,card_linking,card_linking,card_linking,card_linking
I prefer mastercard.,visa_or_mastercard,visa_or_mastercard,visa_or_mastercard,visa_or_mastercard
Is the fee with my cash withdrawal a mistake?,cash_withdrawal_charge,pending_cash_withdrawal,pending_cash_withdrawal,cash_withdrawal_charge
Am I gonna be charged for sending out more cards?,getting_spare_card,getting_spare_card,getting_spare_card,getting_spare_card
How many different currencies can I have my money in?,fiat_currency_support,fiat_currency_support,fiat_currency_support,fiat_currency_support
I do not understand what this particular direct debit is ?,direct_debit_payment_not_recognised,direct_debit_payment_not_recognised,direct_debit_payment_not_recognised,direct_debit_payment_not_recognised
My last ATM request did not go through due to a declined card. Please cancel the request on my account.,pending_cash_withdrawal,declined_cash_withdrawal,cancel_transfer,declined_cash_withdrawal
There's a possibility that my card was compromised.,compromised_card,declined_card_payment,declined_card_payment,declined_card_payment
I was overcharged a pound.,extra_charge_on_statement,extra_charge_on_statement,extra_charge_on_statement,extra_charge_on_statement
Which countries can I change my PIN in?,change_pin,change_pin,change_pin,change_pin
I am upset with your service.  Please delete my account.,terminate_account,terminate_account,terminate_account,terminate_account
"This is terrible, i want to delete my account",terminate_account,terminate_account,terminate_account,terminate_account
what currencies do you accept?,fiat_currency_support,supported_cards_and_currencies,supported_cards_and_currencies,supported_cards_and_currencies
When will my cheque be processed?,balance_not_updated_after_cheque_or_cash_deposit,balance_not_updated_after_cheque_or_cash_deposit,balance_not_updated_after_cheque_or_cash_deposit,balance_not_updated_after_cheque_or_cash_deposit
I'm wanting to get a Visa card today.,visa_or_mastercard,visa_or_mastercard,visa_or_mastercard,visa_or_mastercard
Is it possible to transfer money to my credit card?,topping_up_by_card,topping_up_by_card,topping_up_by_card,topping_up_by_card
What is your shipping policies for cards?,card_delivery_estimate,getting_spare_card,getting_spare_card,getting_spare_card
Is there a way to track the new card you sent me?,card_arrival,card_arrival,card_arrival,card_arrival
"If I wanted to change my PIN, how would I do that?",change_pin,change_pin,change_pin,change_pin
How do I go through the identity checks?,verify_my_identity,verify_my_identity,verify_my_identity,verify_my_identity
"As advised by you, i requested seller to refund my money. A week has passed but i haven't got any update from seller. Please track the refund with the seller.",Refund_not_showing_up,Refund_not_showing_up,Refund_not_showing_up,Refund_not_showing_up
Am I able to order a disposable virtual card?,get_disposable_virtual_card,get_disposable_virtual_card,get_disposable_virtual_card,get_disposable_virtual_card
I have a pending payment on my card.  Why?,pending_card_payment,pending_card_payment,pending_card_payment,pending_card_payment
Can I use this app to change money?,exchange_via_app,exchange_via_app,exchange_via_app,exchange_via_app
Where are the cards delivered to,order_physical_card,order_physical_card,order_physical_card,order_physical_card
Someone might be using my card that is not me.,compromised_card,compromised_card,compromised_card,compromised_card
I made a cash withdrawl and there is a charge.  What is this?,cash_withdrawal_charge,cash_withdrawal_not_recognised,cash_withdrawal_not_recognised,cash_withdrawal_not_recognised
"Hi, I am facing issue with my card payment while shopping online as payment is getting reverted. I am struggling with this issue around two weeks. Please advise.",reverted_card_payment?,reverted_card_payment?,reverted_card_payment?,reverted_card_payment?
I will not be able to verify my identity.,unable_to_verify_identity,unable_to_verify_identity,unable_to_verify_identity,unable_to_verify_identity
I don't recognize a charge on my statement.,card_payment_not_recognised,extra_charge_on_statement,extra_charge_on_statement,extra_charge_on_statement
Why has my card been charged an extra pound?,extra_charge_on_statement,extra_charge_on_statement,extra_charge_on_statement,extra_charge_on_statement
My wallet is empty even though I topped it up an hour ago.,topping_up_by_card,pending_top_up,pending_top_up,pending_top_up
"Hi,  Is there any problem with app? As i am facing some issues with the exchange of crypto currency. I am extremely interested in buying.",beneficiary_not_allowed,exchange_charge,exchange_charge,exchange_charge
I tried to withdraw cash at an ATM in the city center but my card was declined. The transaction is still showing up as pending - please cancel it!,pending_cash_withdrawal,pending_cash_withdrawal,pending_cash_withdrawal,pending_cash_withdrawal
Do you charge a fee on currency exchange?,exchange_charge,exchange_charge,exchange_charge,exchange_charge
Why won't the ATM let me withdraw money?,declined_cash_withdrawal,declined_cash_withdrawal,declined_cash_withdrawal,declined_cash_withdrawal
How do I top-up while traveling?,automatic_top_up,automatic_top_up,automatic_top_up,automatic_top_up
There was a problem with the exchange rate on a purchase.,card_payment_wrong_exchange_rate,card_payment_wrong_exchange_rate,card_payment_wrong_exchange_rate,card_payment_wrong_exchange_rate
when will my transfer arrive,transfer_not_received_by_recipient,transfer_timing,transfer_timing,transfer_timing
I forgot the passcode on my app.,passcode_forgotten,passcode_forgotten,passcode_forgotten,passcode_forgotten
Too many times I entered the incorrect PIN.  How can I get my account unblocked?,pin_blocked,pin_blocked,pin_blocked,pin_blocked
I tried the wrong PIN too many times.,pin_blocked,pin_blocked,pin_blocked,pin_blocked
How do I go about verifying the top-up card?,verify_top_up,verify_top_up,verify_top_up,verify_top_up
Can you tell me why I haven't received my new card?,card_arrival,card_arrival,card_arrival,card_arrival
Could I chose the date to have it delivered?,card_delivery_estimate,card_delivery_estimate,card_delivery_estimate,card_delivery_estimate
My identity hasn't been verified.  Can I use my account?,why_verify_identity,why_verify_identity,why_verify_identity,why_verify_identity
How do I verify my identity online,verify_my_identity,verify_my_identity,verify_my_identity,verify_my_identity
Do you have any age limit?,age_limit,age_limit,age_limit,age_limit
There is a direct debit charge on my account that is not mine.,direct_debit_payment_not_recognised,direct_debit_payment_not_recognised,direct_debit_payment_not_recognised,direct_debit_payment_not_recognised
Why am I being declined?,declined_card_payment,declined_transfer,declined_transfer,declined_transfer
Is there a reason why my virtual card won't work?,virtual_card_not_working,virtual_card_not_working,virtual_card_not_working,virtual_card_not_working
When will my top-up go through?,pending_top_up,pending_top_up,pending_top_up,pending_top_up
"I thought I lost my card so I cancelled it, but recently I found it in my jacket and I would like to re-establish the card.",card_linking,card_linking,card_linking,card_linking
"I can't freeze my account as I need the card as I am traveling, how do I change my pin?",change_pin,change_pin,change_pin,change_pin
I have left my card at my parents house. Can you send me a spare one please to use in the meantime?,getting_spare_card,card_not_working,card_not_working,lost_or_stolen_card
how can the money machine keep my card what do i need to do?,card_swallowed,activate_my_card,activate_my_card,activate_my_card
How many transactions can I make on my disposable card?,disposable_card_limits,disposable_card_limits,disposable_card_limits,disposable_card_limits
I need to move money from another bank to this account.,transfer_into_account,transfer_into_account,transfer_into_account,transfer_into_account
What's going on? I was just recently charged for an ATM withdrawal. I've never seen this charge before and before it's always been free.,cash_withdrawal_charge,cash_withdrawal_charge,cash_withdrawal_charge,cash_withdrawal_charge
"How long do EU transfers take? I bought something online a couple of days ago , sent the money immediately online but the seller says it is still not there yet.",pending_transfer,pending_transfer,pending_transfer,pending_transfer
When do I see my recent refund in my statement,Refund_not_showing_up,Refund_not_showing_up,Refund_not_showing_up,Refund_not_showing_up
Should I keep waiting for my card to be delivered?,card_arrival,card_delivery_estimate,card_delivery_estimate,card_delivery_estimate
What foreign exchange rate will I get?,exchange_rate,exchange_rate,exchange_rate,exchange_rate
How do I auto top-up?,automatic_top_up,automatic_top_up,automatic_top_up,automatic_top_up
What do I need to know about topping up?,top_up_by_card_charge,top_up_by_card_charge,top_up_by_card_charge,top_up_limits
What are the exchange rates?,exchange_rate,exchange_rate,exchange_rate,exchange_rate
Payment I didn't do.,card_payment_not_recognised,card_payment_not_recognised,card_payment_not_recognised,card_payment_not_recognised
Can I order a card?,order_physical_card,order_physical_card,order_physical_card,order_physical_card
I've got charges on my account I did not authorize. Can I get this money back from the last couple of days that it's been coming out? I also need to freeze my card.,card_payment_not_recognised,card_payment_not_recognised,card_payment_not_recognised,card_payment_not_recognised
"I made a transfer and the receiver said they haven't actually received the right amount, but it's a bit less. Now I have to transfer more money to make up for the missing bit. Can you please alert me about this, what has been going on?",transfer_fee_charged,transfer_fee_charged,transfer_fee_charged,transfer_fee_charged
My card got charged twice for the same thing!,transaction_charged_twice,transaction_charged_twice,transaction_charged_twice,transaction_charged_twice
"Recently, a few weeks ago there was a transaction made on my account by some seller that I don't recognize. I am very certain that didn't happen  and will like for you to trace back to make sure.",direct_debit_payment_not_recognised,direct_debit_payment_not_recognised,direct_debit_payment_not_recognised,direct_debit_payment_not_recognised
Is it possible to get one of your cards in the European Union?,country_support,country_support,country_support,country_support
"I need a hand here, I need to top up cash.",top_up_by_cash_or_cheque,top_up_by_cash_or_cheque,top_up_by_cash_or_cheque,top_up_by_cash_or_cheque
what are the reasons why you would not be able to process a payment,beneficiary_not_allowed,beneficiary_not_allowed,beneficiary_not_allowed,beneficiary_not_allowed
What's the process for topping up by card?,topping_up_by_card,top_up_by_card_charge,top_up_by_card_charge,topping_up_by_card
I got declined when attempting a transfer,declined_transfer,declined_transfer,declined_transfer,declined_transfer
Why did the funds for one of my purchase come back to my account?,reverted_card_payment?,reverted_card_payment?,reverted_card_payment?,reverted_card_payment?
Why hasn't my transaction arrived?,transfer_not_received_by_recipient,transfer_not_received_by_recipient,transfer_not_received_by_recipient,transfer_not_received_by_recipient
"If I see a payment in the app that I don't recognize, what should I do?",card_payment_not_recognised,card_payment_not_recognised,card_payment_not_recognised,card_payment_not_recognised
How can I change USD to GBP?,exchange_via_app,exchange_via_app,exchange_via_app,exchange_via_app
How long is a transfer in the pending status?,pending_transfer,pending_transfer,pending_transfer,pending_transfer
What sort of restrictions are there for the disposable cards?,disposable_card_limits,disposable_card_limits,disposable_card_limits,disposable_card_limits
"phone is at a hotel, can i still use app",lost_or_stolen_phone,lost_or_stolen_phone,lost_or_stolen_phone,lost_or_stolen_phone
I'm interested in getting a card. How does one go about doing that?,order_physical_card,country_support,country_support,order_physical_card
Why did my top-up not work?,top_up_failed,top_up_failed,top_up_failed,top_up_failed
Why was I charged for cash withdrawal?,cash_withdrawal_charge,cash_withdrawal_charge,cash_withdrawal_charge,cash_withdrawal_charge
I am sure I have plenty of money to transfer but my transfer is being declined.,declined_transfer,declined_transfer,declined_transfer,declined_transfer
After trying to update my account balance yesterday by cheque it doesn't seem to working. Shouldn't the process be quicker? I need my account looked at because there appears to be a problem.,balance_not_updated_after_cheque_or_cash_deposit,balance_not_updated_after_cheque_or_cash_deposit,balance_not_updated_after_cheque_or_cash_deposit,balance_not_updated_after_cheque_or_cash_deposit
Why did the funds not transfer to another recipient?,transfer_not_received_by_recipient,beneficiary_not_allowed,beneficiary_not_allowed,beneficiary_not_allowed
There was a limited amount of money available at the time of my transaction.,wrong_amount_of_cash_received,wrong_amount_of_cash_received,wrong_amount_of_cash_received,wrong_amount_of_cash_received
I urgently need to transfer something from China. How long can I expect it to take?,transfer_timing,transfer_timing,transfer_timing,transfer_timing
I tried to get cash but it was declined!,declined_cash_withdrawal,declined_cash_withdrawal,declined_cash_withdrawal,declined_cash_withdrawal
I paid two weeks ago and just got refunded,reverted_card_payment?,reverted_card_payment?,reverted_card_payment?,reverted_card_payment?
Please tell me where I can update my details since I moved.,edit_personal_details,edit_personal_details,edit_personal_details,edit_personal_details
How do I modify my details?,edit_personal_details,edit_personal_details,edit_personal_details,edit_personal_details
I can't remember what my password is,passcode_forgotten,passcode_forgotten,passcode_forgotten,passcode_forgotten
I did a transfer and was charged a fee that I shouldn't have been!,transfer_fee_charged,transfer_fee_charged,transfer_fee_charged,transfer_fee_charged
I keep checking my statements but nothing shows up. I requested a refund a long time ago but seems it's not reaching my account for some reason. Would you please help me get the money back from the seller.,Refund_not_showing_up,Refund_not_showing_up,Refund_not_showing_up,Refund_not_showing_up
My refund has not yet been credited on my statement,Refund_not_showing_up,Refund_not_showing_up,Refund_not_showing_up,Refund_not_showing_up
cancel my account,terminate_account,terminate_account,terminate_account,terminate_account
I would like to dispute a payment I didnt make,direct_debit_payment_not_recognised,card_payment_not_recognised,card_payment_not_recognised,card_payment_not_recognised
I have been charged a fee that I didn't know about. Why have you charged me extra for card payments?,card_payment_fee_charged,card_payment_fee_charged,card_payment_fee_charged,card_payment_fee_charged
How can I get another card?,getting_spare_card,getting_spare_card,getting_spare_card,getting_spare_card
I have money in a foreign account that I want to send to this account.,transfer_into_account,transfer_into_account,transfer_into_account,transfer_into_account
What steps do I need to do to delete my account?,terminate_account,terminate_account,terminate_account,terminate_account
"How can I close my account, I don't want it.",terminate_account,terminate_account,terminate_account,terminate_account
I need to reset my passcode. Where do I go to do that?,passcode_forgotten,passcode_forgotten,passcode_forgotten,passcode_forgotten
Shouldn't my new card be here by now?,card_arrival,card_arrival,card_arrival,card_arrival
"If there isn't a lot of money left, will it automatically top-up money?",automatic_top_up,automatic_top_up,automatic_top_up,automatic_top_up
ATM withdrawal not working.,declined_cash_withdrawal,declined_cash_withdrawal,declined_cash_withdrawal,pending_cash_withdrawal
Am I able to return an item for a refund?,request_refund,request_refund,request_refund,request_refund
I have one other credit card from the US. Do you take it?,supported_cards_and_currencies,supported_cards_and_currencies,supported_cards_and_currencies,supported_cards_and_currencies
Will I be charged for receiving money?,top_up_by_bank_transfer_charge,top_up_by_bank_transfer_charge,top_up_by_bank_transfer_charge,top_up_by_bank_transfer_charge
What do I do if my phone is stolen?,lost_or_stolen_phone,lost_or_stolen_phone,lost_or_stolen_phone,lost_or_stolen_phone
"I need to transfer money into my account, and I don't know how to do that.",transfer_into_account,transfer_into_account,transfer_into_account,transfer_into_account
I requested $100 but only got $20,wrong_amount_of_cash_received,wrong_amount_of_cash_received,wrong_amount_of_cash_received,wrong_amount_of_cash_received
Do you charge for sending more cards?,getting_spare_card,getting_spare_card,getting_spare_card,getting_spare_card
I did a cash deposit to my account but it doesn't show up,balance_not_updated_after_cheque_or_cash_deposit,balance_not_updated_after_cheque_or_cash_deposit,balance_not_updated_after_cheque_or_cash_deposit,balance_not_updated_after_cheque_or_cash_deposit
"Hello, I tried to take some cash out of the ATM but I looked at my statement and it still shows that it's pending. Is the machine broken? Will I receive my money back or will I be charged for this?",pending_cash_withdrawal,pending_cash_withdrawal,pending_cash_withdrawal,pending_cash_withdrawal
google pay top up did not work,apple_pay_or_google_pay,apple_pay_or_google_pay,apple_pay_or_google_pay,apple_pay_or_google_pay
My card was stolen and used to make several purchases. Please freeze my card so no one can use it.,compromised_card,lost_or_stolen_card,lost_or_stolen_card,lost_or_stolen_card
Need help with a stolen card.,lost_or_stolen_card,lost_or_stolen_card,lost_or_stolen_card,lost_or_stolen_card
What can i pay with out  fees,card_payment_fee_charged,apple_pay_or_google_pay,apple_pay_or_google_pay,card_acceptance
"Why is my transfer appearing as ""pending""?",pending_transfer,pending_transfer,pending_transfer,pending_transfer
I would like to know why a withdraw I made for some cash shows up as pending.,pending_cash_withdrawal,pending_cash_withdrawal,pending_cash_withdrawal,pending_cash_withdrawal
Are your cards available in the EU?,country_support,country_support,country_support,country_support
What do I do if I think someone has used my card without permission? I can see a few transactions I don't recognize.,compromised_card,compromised_card,compromised_card,compromised_card
This stupid system is not letting me prove my identity.,unable_to_verify_identity,unable_to_verify_identity,unable_to_verify_identity,unable_to_verify_identity
"Hi, I made a transfer yesterday that I need to reverse.  I need to put the money in a different account.",cancel_transfer,cancel_transfer,cancel_transfer,cancel_transfer
"Hi! I'm a university student studying abroad and I noticed that when I was trying to cross-reference my budget for this month that there were extra fees I was not expecting. Why is that? I've had this account for years and I haven't had any trouble so far, it might not even be on your all's end since I'm still new to international travel and finance, but I wanted to double check in case a mistake was made!",transfer_fee_charged,transfer_fee_charged,transfer_fee_charged,transfer_fee_charged
My top-up was reverted by the app.,top_up_reverted,top_up_reverted,top_up_reverted,top_up_reverted
Is it possible to change my PIN?,change_pin,change_pin,change_pin,change_pin
I found the exchange rate for my cash withdrawal is wrong,wrong_exchange_rate_for_cash_withdrawal,wrong_exchange_rate_for_cash_withdrawal,wrong_exchange_rate_for_cash_withdrawal,wrong_exchange_rate_for_cash_withdrawal
I need urgent help. I realize I sent my payment to the wrong account number. I made a typo. Please cancel the transfer immediately. I cannot do anything from the app.,cancel_transfer,cancel_transfer,cancel_transfer,cancel_transfer
Duplicate transactions appear on my account,transaction_charged_twice,transaction_charged_twice,transaction_charged_twice,transaction_charged_twice
I recently bought something in foreign currency and I am unsure of the exchange rate. Is this rate applied correctly?,card_payment_wrong_exchange_rate,card_payment_wrong_exchange_rate,card_payment_wrong_exchange_rate,card_payment_wrong_exchange_rate
I need to change my phone number.,edit_personal_details,edit_personal_details,edit_personal_details,edit_personal_details
Can I use my card while on vacation overseas?,card_acceptance,card_acceptance,card_acceptance,card_acceptance
Reason for my card to decline,declined_card_payment,declined_card_payment,declined_card_payment,declined_card_payment
I believe that the rate of exchange for my cash withdrawl is incorrect.,wrong_exchange_rate_for_cash_withdrawal,wrong_exchange_rate_for_cash_withdrawal,wrong_exchange_rate_for_cash_withdrawal,wrong_exchange_rate_for_cash_withdrawal
I have an incorrect charge and would like a refund.,request_refund,request_refund,request_refund,request_refund
What is the highest amount of top ups I'm allowed?,top_up_limits,top_up_limits,top_up_limits,top_up_limits
The cheque I deposited isn't showing in my account,balance_not_updated_after_cheque_or_cash_deposit,balance_not_updated_after_cheque_or_cash_deposit,balance_not_updated_after_cheque_or_cash_deposit,balance_not_updated_after_cheque_or_cash_deposit
What should I do if the atm eats my card?,card_swallowed,card_swallowed,card_swallowed,card_swallowed
When will my card be delivered?,card_delivery_estimate,card_delivery_estimate,card_delivery_estimate,card_delivery_estimate
"I'm waiting for a money transfer to show, still.",pending_transfer,pending_transfer,pending_transfer,pending_transfer
How do I go about getting hold of a virtual card?,getting_virtual_card,getting_virtual_card,getting_virtual_card,getting_virtual_card
I don't understand where this charge came from.,card_payment_not_recognised,verify_source_of_funds,verify_source_of_funds,card_payment_not_recognised
I'm happy with Mastercard and want to stick with just that credit card.,visa_or_mastercard,visa_or_mastercard,visa_or_mastercard,visa_or_mastercard
Why is my check still not showing up on my account? It's been a week already,balance_not_updated_after_cheque_or_cash_deposit,balance_not_updated_after_cheque_or_cash_deposit,balance_not_updated_after_cheque_or_cash_deposit,balance_not_updated_after_cheque_or_cash_deposit
how do i get a pin for my card,get_physical_card,get_physical_card,get_physical_card,get_physical_card
I'm not sure where this charge came from.,card_payment_not_recognised,verify_source_of_funds,verify_source_of_funds,card_payment_not_recognised
Explain the activation method for this card,activate_my_card,activate_my_card,activate_my_card,activate_my_card
Can you tell me what countries you offer support for?,country_support,country_support,country_support,country_support
My account shows I made a debit payment to someone that I can't recall and would like to find out who the payment was made to.,direct_debit_payment_not_recognised,reverted_card_payment?,reverted_card_payment?,direct_debit_payment_not_recognised
How do I obtain a second card?,getting_spare_card,getting_spare_card,getting_spare_card,getting_spare_card
How long does it take for my id to verify?,unable_to_verify_identity,unable_to_verify_identity,unable_to_verify_identity,unable_to_verify_identity
What ATMs can I use my card?,atm_support,atm_support,atm_support,atm_support
I question today's exchange rate for rubles into pounds. I was hoping for a better return.,card_payment_wrong_exchange_rate,card_payment_wrong_exchange_rate,card_payment_wrong_exchange_rate,card_payment_wrong_exchange_rate
What currencies can my account be in?,fiat_currency_support,fiat_currency_support,fiat_currency_support,fiat_currency_support
What other currencies can I hang onto?,fiat_currency_support,fiat_currency_support,fiat_currency_support,fiat_currency_support
what is this charge i didnt do it what can i do,direct_debit_payment_not_recognised,extra_charge_on_statement,extra_charge_on_statement,extra_charge_on_statement
What if I need to use GBP instead of USD?,exchange_via_app,exchange_via_app,exchange_via_app,exchange_via_app
Reverted top up,top_up_reverted,top_up_reverted,top_up_reverted,top_up_reverted
Why has my top up been cancelled,top_up_reverted,top_up_reverted,top_up_reverted,top_up_reverted
There is the same transaction showing more than once.,transaction_charged_twice,transaction_charged_twice,transaction_charged_twice,transaction_charged_twice
What do I do when I get close to the expiration date of my card?,card_about_to_expire,card_about_to_expire,card_about_to_expire,card_about_to_expire
Why was my transaction charged an extra fee when paying with my card?,card_payment_fee_charged,card_payment_fee_charged,card_payment_fee_charged,card_payment_fee_charged
What identification is required to activate my card?,activate_my_card,activate_my_card,activate_my_card,activate_my_card
Is there a reason my new card hasn't arrived?,card_arrival,card_arrival,card_arrival,card_arrival
maximum how many days get the courier?,card_arrival,disposable_card_limits,disposable_card_limits,transfer_timing
Can I receive money in a different countries money?,receiving_money,receiving_money,receiving_money,receiving_money
I noticed a duplicate charge on my statement.,transaction_charged_twice,extra_charge_on_statement,extra_charge_on_statement,transaction_charged_twice
My card did not go through in a shop,declined_card_payment,declined_card_payment,declined_card_payment,declined_card_payment
What is the price for a physical card?,order_physical_card,order_physical_card,order_physical_card,order_physical_card
Explain why my card payment wouldn't go through.,declined_card_payment,declined_card_payment,declined_card_payment,declined_card_payment
there were two of the same charge to my account,transaction_charged_twice,transaction_charged_twice,transaction_charged_twice,transaction_charged_twice
My app shows a direct debit that isn't mine.,direct_debit_payment_not_recognised,direct_debit_payment_not_recognised,direct_debit_payment_not_recognised,direct_debit_payment_not_recognised
Can you tell me what i steps i should take since my card was stolen?,lost_or_stolen_phone,lost_or_stolen_card,lost_or_stolen_card,lost_or_stolen_card
how much will I be charged for making a transfer?,top_up_by_bank_transfer_charge,top_up_by_bank_transfer_charge,top_up_by_bank_transfer_charge,top_up_by_bank_transfer_charge
How can I top up my account with a cheque?,top_up_by_cash_or_cheque,top_up_by_cash_or_cheque,top_up_by_cash_or_cheque,top_up_by_cash_or_cheque
I entered my pin wrong  too many times.,pin_blocked,pin_blocked,pin_blocked,pin_blocked
How much is it to send out additional cards?,getting_spare_card,getting_spare_card,getting_spare_card,getting_spare_card
Is a bank transfer acceptable for topping up my account?,transfer_into_account,transfer_into_account,transfer_into_account,transfer_into_account
What countries have access to this service.,country_support,country_support,country_support,country_support
Do all businesses take this card?,card_acceptance,atm_support,atm_support,card_acceptance
Will I be charged for a top off transfer?,top_up_by_bank_transfer_charge,top_up_by_bank_transfer_charge,top_up_by_bank_transfer_charge,top_up_by_bank_transfer_charge
"How long do EU transfers actually take? I bought something online a couple days ago, sent the money immediately online but the seller says it's still not there yet.",pending_transfer,pending_transfer,pending_transfer,pending_transfer
"Can Google Pay be used for top up, please help?",apple_pay_or_google_pay,apple_pay_or_google_pay,apple_pay_or_google_pay,apple_pay_or_google_pay
There is a direct debit payment on my account that I didn't authorize.,direct_debit_payment_not_recognised,direct_debit_payment_not_recognised,direct_debit_payment_not_recognised,direct_debit_payment_not_recognised
Will I be charged a fee for topping up using a European card?,top_up_by_card_charge,top_up_by_card_charge,top_up_by_card_charge,top_up_by_card_charge
I accidentally left my phone at the hotel so now I'm not able to use the app.,lost_or_stolen_phone,lost_or_stolen_phone,lost_or_stolen_phone,lost_or_stolen_phone
How long does it take to prove my identity?,unable_to_verify_identity,unable_to_verify_identity,unable_to_verify_identity,unable_to_verify_identity
Why can I not choose the card i want?,visa_or_mastercard,beneficiary_not_allowed,beneficiary_not_allowed,beneficiary_not_allowed
Is there an issue with my card payment as it has not gone through.,declined_card_payment,pending_card_payment,pending_card_payment,pending_card_payment
"If I am in China, can I still order a new card and if so, how?",card_about_to_expire,card_about_to_expire,card_about_to_expire,card_about_to_expire
Can I automatically top-up when traveling?,automatic_top_up,automatic_top_up,automatic_top_up,automatic_top_up
What is the process for activating my card and using it?,activate_my_card,activate_my_card,activate_my_card,activate_my_card
What do I need to do to link my new card for my account?,card_linking,card_linking,card_linking,card_linking
Why are my purchases from this morning still pending?,pending_card_payment,pending_card_payment,pending_card_payment,pending_card_payment
Can I exchange an item for a refund?,request_refund,request_refund,request_refund,request_refund
How do I top up my account with a bank transfer?,transfer_into_account,transfer_into_account,transfer_into_account,transfer_into_account
I am inquiring about why there was an extra fee charged when I used an ATM.,cash_withdrawal_charge,cash_withdrawal_charge,cash_withdrawal_charge,cash_withdrawal_charge
How long will my ATM withdrawal be pending?,pending_cash_withdrawal,pending_cash_withdrawal,pending_cash_withdrawal,pending_cash_withdrawal
Is the PIN separately delivered?,get_physical_card,get_physical_card,get_physical_card,get_physical_card
Why was there a fee on my cash withdrawal?,cash_withdrawal_charge,cash_withdrawal_charge,cash_withdrawal_charge,cash_withdrawal_charge
I got double charged!,transaction_charged_twice,transaction_charged_twice,transaction_charged_twice,transaction_charged_twice
I was so embarrassed. Why didn't my payment clear?,declined_card_payment,declined_card_payment,declined_card_payment,declined_card_payment
"I got this stupid fee after taking cash out, why?",cash_withdrawal_charge,cash_withdrawal_charge,cash_withdrawal_charge,cash_withdrawal_charge
Please help me as my online payment is getting declined since yesterday while i am trying to purchase something online.,declined_transfer,declined_transfer,declined_transfer,declined_transfer
I don't understanfd how to top up,topping_up_by_card,top_up_by_cash_or_cheque,top_up_by_cash_or_cheque,top_up_by_cash_or_cheque
And do you have virtual cards instead of physical ones?,getting_virtual_card,getting_virtual_card,getting_virtual_card,getting_virtual_card
Can I see where my money came from?,verify_source_of_funds,verify_source_of_funds,verify_source_of_funds,verify_source_of_funds
The app is showing mt withdrawals that aren't  mine.,cash_withdrawal_not_recognised,cash_withdrawal_not_recognised,cash_withdrawal_not_recognised,cash_withdrawal_not_recognised
What locations are cards delivered to?,order_physical_card,order_physical_card,order_physical_card,order_physical_card
do you have a fee for receiving a SEPA transfer?,top_up_by_bank_transfer_charge,top_up_by_bank_transfer_charge,top_up_by_bank_transfer_charge,top_up_by_bank_transfer_charge
"Someone is using my card to purchase flights to New York it's not me because I'm not going to New York, please can you cancel the card and refund the money?",cash_withdrawal_not_recognised,request_refund,request_refund,request_refund
"I want to hold and exchange fiat currencies, what can I use to do so?",fiat_currency_support,fiat_currency_support,fiat_currency_support,fiat_currency_support
Why isn't my disposable virtual card working?,virtual_card_not_working,get_disposable_virtual_card,get_disposable_virtual_card,virtual_card_not_working
I was charged twice for the same thing.,transaction_charged_twice,transaction_charged_twice,transaction_charged_twice,transaction_charged_twice
What documents do you need to verify my identity?,verify_my_identity,verify_my_identity,verify_my_identity,verify_my_identity
My credit card transaction was declined for a loan payment.  Can you tell me why?,top_up_failed,declined_card_payment,declined_card_payment,declined_card_payment
My app is displaying a payment I didn't make,card_payment_not_recognised,card_payment_not_recognised,card_payment_not_recognised,card_payment_not_recognised
"If I want to get an account for my daughter, can I do that?",age_limit,age_limit,age_limit,age_limit
If I need more than cards will I have to pay a fee to receive them?,getting_spare_card,getting_spare_card,getting_spare_card,getting_spare_card
How many cards am I allowed?,getting_spare_card,getting_spare_card,getting_spare_card,getting_spare_card
Why isn't my card working anymore?,card_not_working,card_not_working,card_not_working,card_not_working
Why is my transfer stuck on pending?,pending_transfer,pending_transfer,pending_transfer,pending_transfer
I got less cash at the ATM than I asked for. Why?,wrong_amount_of_cash_received,wrong_amount_of_cash_received,wrong_amount_of_cash_received,wrong_amount_of_cash_received
How can I make my card show up in the app?,card_linking,card_linking,card_linking,card_linking
What is the virtual card and how can i get one?,getting_virtual_card,getting_virtual_card,getting_virtual_card,getting_virtual_card
How can I change my account details?,edit_personal_details,edit_personal_details,edit_personal_details,edit_personal_details
Who gets support?,country_support,supported_cards_and_currencies,supported_cards_and_currencies,supported_cards_and_currencies
Why is there a 1 euro fee on my statement?,extra_charge_on_statement,extra_charge_on_statement,extra_charge_on_statement,extra_charge_on_statement
The app shows a withdrawal that I did not make or authorize.,cash_withdrawal_not_recognised,cash_withdrawal_not_recognised,cash_withdrawal_not_recognised,cash_withdrawal_not_recognised
What are the top up fees for using an European bank card?,top_up_by_card_charge,top_up_by_card_charge,top_up_by_card_charge,top_up_by_card_charge
Is my top up not working?,pending_top_up,top_up_failed,top_up_failed,top_up_failed
I didn't get the all the cash i wanted from the atm,wrong_amount_of_cash_received,wrong_amount_of_cash_received,wrong_amount_of_cash_received,wrong_amount_of_cash_received
"I can't find my card, it is lost.",lost_or_stolen_card,lost_or_stolen_card,lost_or_stolen_card,lost_or_stolen_card
What is the foreign exchange rate you will apply?,exchange_rate,exchange_rate,exchange_rate,exchange_rate
Have you sent out my card yet?,card_arrival,card_arrival,card_arrival,card_arrival
Can you tell me my code to get into the app?,passcode_forgotten,passcode_forgotten,passcode_forgotten,passcode_forgotten
I transferred money but the balance hasn't changed.,balance_not_updated_after_bank_transfer,balance_not_updated_after_bank_transfer,balance_not_updated_after_bank_transfer,balance_not_updated_after_bank_transfer
I am worried that too much time has gone by for a transfer to be completed.,transfer_not_received_by_recipient,transfer_not_received_by_recipient,transfer_not_received_by_recipient,transfer_not_received_by_recipient
When will a refund post to my account?,Refund_not_showing_up,Refund_not_showing_up,Refund_not_showing_up,Refund_not_showing_up
I was charged the wrong exchange rate on a purchase,card_payment_wrong_exchange_rate,card_payment_wrong_exchange_rate,card_payment_wrong_exchange_rate,card_payment_wrong_exchange_rate
Can my PIN changed remotely without visiting a bank?,change_pin,change_pin,change_pin,change_pin
I made a top up yesterday but it's still pending.,pending_top_up,pending_top_up,pending_top_up,pending_top_up
I am afraid to give you all my identify details.,why_verify_identity,why_verify_identity,why_verify_identity,why_verify_identity
I'm looking for a machine of yours that will provide me cash from my home country. I went on holiday and don't have any cash on me. Will your machine charge me extra to do this?,wrong_exchange_rate_for_cash_withdrawal,wrong_exchange_rate_for_cash_withdrawal,wrong_exchange_rate_for_cash_withdrawal,wrong_exchange_rate_for_cash_withdrawal
Am I able to get a refund for something I bought?,request_refund,request_refund,request_refund,request_refund
I want to use my American Express for adding money into my account.,supported_cards_and_currencies,supported_cards_and_currencies,supported_cards_and_currencies,supported_cards_and_currencies
where can I change my address?,edit_personal_details,edit_personal_details,edit_personal_details,edit_personal_details
What is my password?,passcode_forgotten,passcode_forgotten,passcode_forgotten,passcode_forgotten
I believe my top up was reverted.,top_up_reverted,top_up_reverted,top_up_reverted,top_up_reverted
I have yet to receive my virtual card,getting_virtual_card,getting_virtual_card,getting_virtual_card,getting_virtual_card
Can I have a third card?,getting_spare_card,getting_spare_card,getting_spare_card,getting_spare_card
There is  an extra 1£ charge on my app. Why did it charge me extra?,extra_charge_on_statement,extra_charge_on_statement,extra_charge_on_statement,extra_charge_on_statement
When will my top up process?,pending_top_up,pending_top_up,pending_top_up,pending_top_up
How much does top up fees cost?,top_up_by_card_charge,top_up_by_card_charge,top_up_by_card_charge,top_up_by_card_charge
There has been a charge pending on my account statement that I can't figue out it's for a dollar.,extra_charge_on_statement,extra_charge_on_statement,extra_charge_on_statement,extra_charge_on_statement
Can i choose a specific delivery date?,card_delivery_estimate,card_delivery_estimate,card_delivery_estimate,card_delivery_estimate
My accounts been charged a payment for something I didn't make.,direct_debit_payment_not_recognised,card_payment_not_recognised,card_payment_not_recognised,card_payment_not_recognised
Is American Express supported for adding money into my account?,supported_cards_and_currencies,supported_cards_and_currencies,supported_cards_and_currencies,supported_cards_and_currencies
Please check and let me know why my transfers are getting declined.,declined_transfer,declined_transfer,declined_transfer,declined_transfer
There's a $200 withdrawal on my statement that seems fishy to me.,cash_withdrawal_not_recognised,cash_withdrawal_not_recognised,cash_withdrawal_not_recognised,cash_withdrawal_not_recognised
Why was I charged a fee for using my card,card_payment_fee_charged,card_payment_fee_charged,card_payment_fee_charged,card_payment_fee_charged
Why hasn't the money I transferred into my account shown up yet?,balance_not_updated_after_bank_transfer,balance_not_updated_after_bank_transfer,balance_not_updated_after_bank_transfer,balance_not_updated_after_bank_transfer
What is an exchange rate?,exchange_rate,exchange_rate,exchange_rate,exchange_rate
What is the $1 transaction on my account?,extra_charge_on_statement,transfer_not_received_by_recipient,transfer_not_received_by_recipient,transfer_not_received_by_recipient
How do I change my passcode?,passcode_forgotten,passcode_forgotten,passcode_forgotten,passcode_forgotten
disposable virtual card can be ordered where?,get_disposable_virtual_card,get_disposable_virtual_card,get_disposable_virtual_card,get_disposable_virtual_card
I sent money to someone but they haven't gotten it yet,transfer_not_received_by_recipient,transfer_not_received_by_recipient,transfer_not_received_by_recipient,transfer_not_received_by_recipient
"My American express works with my apple pay, why is top up not working?",apple_pay_or_google_pay,apple_pay_or_google_pay,apple_pay_or_google_pay,apple_pay_or_google_pay
Can you tell me about the exchange fee?,exchange_charge,exchange_charge,exchange_charge,exchange_charge
There was a purchase on my card recently to a name that I don't recognize at all. What can be done about this? I need my money back.,card_payment_not_recognised,card_payment_not_recognised,card_payment_not_recognised,card_payment_not_recognised
what is the fee for topping up by card?,top_up_by_card_charge,top_up_by_card_charge,top_up_by_card_charge,top_up_by_card_charge
What's the fee for exchange of foreign currencies?,exchange_charge,exchange_charge,exchange_charge,exchange_charge
Is there a fee that comes with transfers?,transfer_fee_charged,card_payment_fee_charged,card_payment_fee_charged,card_payment_fee_charged
"Hi, I checked my transactions and saw that I was charged twice during a restaurant visit. I would like to get my money back.",transaction_charged_twice,transaction_charged_twice,transaction_charged_twice,transaction_charged_twice
is there a reason i need to verify top up,verify_top_up,verify_top_up,verify_top_up,verify_top_up
I noticed my exchange rate was incorrect when I got cash.,wrong_exchange_rate_for_cash_withdrawal,wrong_exchange_rate_for_cash_withdrawal,wrong_exchange_rate_for_cash_withdrawal,wrong_exchange_rate_for_cash_withdrawal
I would like to transfer money from my checking account to my savings account.,transfer_into_account,transfer_into_account,transfer_into_account,transfer_into_account
"Hi, there is a suspicious payment from my card. I definitely do not know who this is or who could have made this payment.",card_payment_not_recognised,card_payment_not_recognised,card_payment_not_recognised,card_payment_not_recognised
I need assistance with transferring funds to another account.,transfer_into_account,beneficiary_not_allowed,beneficiary_not_allowed,transfer_into_account
Can I change my PIN without being physically present?,change_pin,change_pin,change_pin,change_pin
Do you have info about the card on delivery?,card_arrival,card_arrival,card_arrival,card_arrival
My top-up funds aren't available yet.,pending_top_up,pending_top_up,pending_top_up,pending_top_up
Hello I changed my mind and want a refund on one of things I bought recently. Can you please cancel the transaction and get me my money back. Please it's urgent.,request_refund,request_refund,request_refund,request_refund
Why would my beneficiary not be allowed?,beneficiary_not_allowed,beneficiary_not_allowed,beneficiary_not_allowed,beneficiary_not_allowed
As far as courtries go which ones are supported?,country_support,fiat_currency_support,fiat_currency_support,supported_cards_and_currencies
Are transfers not free? I didn't know I would be charged for transfers.,transfer_fee_charged,top_up_by_bank_transfer_charge,top_up_by_bank_transfer_charge,transfer_fee_charged
How many disposable  cards are available per account?,disposable_card_limits,disposable_card_limits,disposable_card_limits,disposable_card_limits
How do I set up an account for my children?,age_limit,age_limit,age_limit,age_limit
How can I convert currencies?,exchange_via_app,exchange_via_app,exchange_via_app,exchange_via_app
If I don't have much money in the account can I auto top-up?,automatic_top_up,automatic_top_up,automatic_top_up,automatic_top_up
Can I use an auto top-up option?,automatic_top_up,automatic_top_up,automatic_top_up,automatic_top_up
Where can I find top up by cash deposit?,top_up_by_cash_or_cheque,top_up_by_cash_or_cheque,top_up_by_cash_or_cheque,top_up_by_cash_or_cheque
Where is the top-up verification code?,verify_top_up,verify_top_up,verify_top_up,verify_top_up
I can't figure out how to unblock my pin number. Can you help me?,pin_blocked,pin_blocked,pin_blocked,pin_blocked
I didn't receive the correct amount of cash when I exchanged it overseas.,wrong_exchange_rate_for_cash_withdrawal,wrong_amount_of_cash_received,wrong_amount_of_cash_received,wrong_amount_of_cash_received
How long do cheques take to post to your account?,balance_not_updated_after_cheque_or_cash_deposit,pending_transfer,pending_transfer,pending_transfer
An extra fee has been added to my card payment is this correct?,card_payment_fee_charged,card_payment_fee_charged,card_payment_fee_charged,card_payment_fee_charged
I want to top up my account with a cheque,top_up_by_cash_or_cheque,top_up_by_cash_or_cheque,top_up_by_cash_or_cheque,top_up_by_cash_or_cheque
My PIN was entered wrong and now I am blocked.  Please unblock.,pin_blocked,pin_blocked,pin_blocked,pin_blocked
How long does it take for a transfer to post,balance_not_updated_after_bank_transfer,transfer_timing,transfer_timing,pending_transfer
I would like to know what the restrictions are for the disposable cards.,disposable_card_limits,disposable_card_limits,disposable_card_limits,disposable_card_limits
Do I need a photo ID to activate a my new card?,activate_my_card,activate_my_card,activate_my_card,activate_my_card
I need to terminate my account.,terminate_account,terminate_account,terminate_account,terminate_account
Hi - I have made a transaction to my new landlord but unfortunately it shows on my end but not on the landlord's end. The numbers are correct. Can you confirm when that will go through?,transfer_not_received_by_recipient,transfer_not_received_by_recipient,transfer_not_received_by_recipient,transfer_not_received_by_recipient
I have a transfer that is still pending.,pending_transfer,pending_transfer,pending_transfer,pending_transfer
What happened to my top-up? It was all done and now it's gone! Are you having problems with your system?,top_up_reverted,top_up_reverted,top_up_reverted,top_up_reverted
Why did I not get the amount of money I requested?,wrong_amount_of_cash_received,wrong_amount_of_cash_received,wrong_amount_of_cash_received,wrong_amount_of_cash_received
Why is there a fee on my money transfer?,transfer_fee_charged,transfer_fee_charged,transfer_fee_charged,transfer_fee_charged
I noticed that there's a payment on my card that's pending.,pending_card_payment,card_payment_not_recognised,card_payment_not_recognised,card_payment_not_recognised
Can I use your services without access to the app?,lost_or_stolen_phone,lost_or_stolen_phone,lost_or_stolen_phone,lost_or_stolen_phone
What can I expect at card expiration?,card_about_to_expire,card_about_to_expire,card_about_to_expire,card_about_to_expire
I was wondering how long does it take for a payment to go thru? It seems my last payment is stuck and hasn't moved.,pending_card_payment,pending_card_payment,pending_card_payment,pending_card_payment
Will you be adding more currencies in the future?,fiat_currency_support,fiat_currency_support,fiat_currency_support,fiat_currency_support
Are top-ups unlimited?,top_up_limits,top_up_limits,top_up_limits,top_up_limits
Can I cancel a transaction?,cancel_transfer,cancel_transfer,cancel_transfer,cancel_transfer
My transfer didn't complete. Why can't I access funds?,failed_transfer,failed_transfer,failed_transfer,failed_transfer
"Needed gas, been delayed for half an hour.Please fix it!",pending_top_up,pending_top_up,pending_top_up,pending_top_up
Is there an extra fee to exchange currencies?,exchange_charge,exchange_charge,exchange_charge,exchange_charge
When will my transfer process?,balance_not_updated_after_bank_transfer,pending_transfer,pending_transfer,transfer_timing
Why does my transfer keep failing? I've tried 5 times and they all failed.,failed_transfer,failed_transfer,failed_transfer,failed_transfer
I can't find how to top up my account with a check.  Where is that?,top_up_by_cash_or_cheque,top_up_by_cash_or_cheque,top_up_by_cash_or_cheque,top_up_by_cash_or_cheque
How do I go about getting an actual card?,order_physical_card,order_physical_card,order_physical_card,order_physical_card
Is there any way to see my card in the app?,card_linking,card_linking,card_linking,card_linking
What is the process for transferring money into my account?,transfer_into_account,transfer_into_account,transfer_into_account,transfer_into_account
What amount can I top-up?,top_up_limits,top_up_limits,top_up_limits,top_up_limits
Do I get a real card?,order_physical_card,order_physical_card,order_physical_card,order_physical_card
"I have a Visa and Mastercard, can I use these?",visa_or_mastercard,visa_or_mastercard,visa_or_mastercard,visa_or_mastercard
What to do if my physical card is not working?,card_not_working,card_not_working,card_not_working,card_not_working
Weird Direct Debit payment,direct_debit_payment_not_recognised,direct_debit_payment_not_recognised,direct_debit_payment_not_recognised,direct_debit_payment_not_recognised
my cash out is still pending,pending_cash_withdrawal,pending_cash_withdrawal,pending_cash_withdrawal,pending_cash_withdrawal
What currency is supported for exchanges and holding?,fiat_currency_support,fiat_currency_support,fiat_currency_support,fiat_currency_support
"Someone is making transactions on my account, I think they took my card information.",compromised_card,compromised_card,compromised_card,compromised_card
How come I didn't get a virtual card yet?,getting_virtual_card,getting_virtual_card,getting_virtual_card,getting_virtual_card
"Hi, I have an apple watch. How do I use it to top up my card?",apple_pay_or_google_pay,apple_pay_or_google_pay,apple_pay_or_google_pay,apple_pay_or_google_pay
Is there a limit on auto top-up?,automatic_top_up,automatic_top_up,automatic_top_up,automatic_top_up
I am entering my passcode but getting an error.,passcode_forgotten,passcode_forgotten,passcode_forgotten,passcode_forgotten
Im not sure if a seller is giving me my money back! I asked them to refund my money for the item but It's been a week now and still nothing has been given back to me. Can you resolve this for me?,Refund_not_showing_up,request_refund,Refund_not_showing_up,Refund_not_showing_up
"I'm not in the UK, but can I still get a card?",country_support,country_support,country_support,country_support
How long does it take to show a deposit I made to my balance?,balance_not_updated_after_cheque_or_cash_deposit,balance_not_updated_after_bank_transfer,balance_not_updated_after_bank_transfer,balance_not_updated_after_cheque_or_cash_deposit
Whats types of currency can I exchange?,exchange_via_app,fiat_currency_support,fiat_currency_support,fiat_currency_support
I wanted to know about a pending dollar that is on my statement.,extra_charge_on_statement,extra_charge_on_statement,extra_charge_on_statement,extra_charge_on_statement
I can't see my refund on my account,Refund_not_showing_up,Refund_not_showing_up,Refund_not_showing_up,Refund_not_showing_up
How do I modify my account details?,edit_personal_details,edit_personal_details,edit_personal_details,edit_personal_details
I couldn't pay with card in a shop,declined_card_payment,declined_card_payment,declined_card_payment,declined_card_payment
I had a dollar charged to my account that's still pending and wanted to know what the charge is for?,extra_charge_on_statement,extra_charge_on_statement,extra_charge_on_statement,extra_charge_on_statement
What places accept my card?,card_acceptance,card_acceptance,card_acceptance,card_acceptance
Can you tell me what the exchange fee is?,exchange_charge,exchange_charge,exchange_charge,exchange_charge
Is my child too young to sign up?,age_limit,balance_not_updated_after_bank_transfer,balance_not_updated_after_bank_transfer,age_limit
In the App I see a payment that is not mine.,card_payment_not_recognised,card_payment_not_recognised,card_payment_not_recognised,card_payment_not_recognised
Someone else accessed my account and made a payment.,card_payment_not_recognised,reverted_card_payment?,reverted_card_payment?,card_payment_not_recognised
Is there something wrong with the ATM? It would not let me pull cash out of my account.,declined_cash_withdrawal,declined_cash_withdrawal,declined_cash_withdrawal,declined_cash_withdrawal
I need to get my card quickly,card_delivery_estimate,card_delivery_estimate,card_delivery_estimate,card_delivery_estimate
Why is the payment on my card still pending?,pending_card_payment,pending_card_payment,pending_card_payment,pending_card_payment
Why does top-up need to be verified?,verify_top_up,verify_top_up,verify_top_up,verify_top_up
My new card isn't here and it was issued a week ago.,card_arrival,card_arrival,card_arrival,card_arrival
My card shows a cash withdrawal I don't recognize.,cash_withdrawal_not_recognised,cash_withdrawal_not_recognised,cash_withdrawal_not_recognised,cash_withdrawal_not_recognised
What is the currency exchange fee?,exchange_charge,exchange_charge,exchange_charge,exchange_charge
I'm on holiday and I noticed a different amount for exchange rate.  Can you explain?,card_payment_wrong_exchange_rate,wrong_exchange_rate_for_cash_withdrawal,wrong_exchange_rate_for_cash_withdrawal,wrong_exchange_rate_for_cash_withdrawal
Can I cancel a transfer I made,cancel_transfer,cancel_transfer,cancel_transfer,cancel_transfer
What is the significance of verifying the top-up?,verify_top_up,verify_top_up,verify_top_up,verify_top_up
"I no longer have my phone with the app, what should I do?",lost_or_stolen_phone,lost_or_stolen_phone,lost_or_stolen_phone,lost_or_stolen_phone
My card payment has been declined,declined_card_payment,declined_card_payment,declined_card_payment,declined_card_payment
I tried my PIN too many times,pin_blocked,pin_blocked,pin_blocked,pin_blocked
"As I double checked that I have the correct account details that i submitted , they're right for sure. Transfer is still pending so far.",pending_transfer,pending_transfer,pending_transfer,pending_transfer
I tried to do a transfer and it's saying it declined.,declined_transfer,declined_transfer,declined_transfer,declined_transfer
I paid with my card and ended up being charged a fee.,card_payment_fee_charged,card_payment_fee_charged,card_payment_fee_charged,card_payment_fee_charged
I don't think I made this payment that is showing up,card_payment_not_recognised,card_payment_not_recognised,card_payment_not_recognised,card_payment_not_recognised
Why couldn't I make a withdrawal from the ATM?,declined_cash_withdrawal,declined_cash_withdrawal,declined_cash_withdrawal,declined_cash_withdrawal
Is my card denied anywhere?,card_acceptance,card_arrival,card_arrival,card_acceptance
"I have used my account abroad for a while without any fees, why am I being charged additional fees all of a sudden?",transfer_fee_charged,card_payment_fee_charged,card_payment_fee_charged,card_payment_fee_charged
My top-up didn't work.,top_up_failed,top_up_failed,top_up_failed,top_up_failed
Can I use my card in Austria?,country_support,card_acceptance,card_acceptance,card_acceptance
Can my job deposit my wages directly into the account.,receiving_money,balance_not_updated_after_cheque_or_cash_deposit,balance_not_updated_after_cheque_or_cash_deposit,balance_not_updated_after_cheque_or_cash_deposit
Please explain why my top-up didn't go through.,top_up_failed,top_up_failed,top_up_failed,top_up_failed
"I got my American Express in Apple Pay, why is top up not working correctly?",apple_pay_or_google_pay,apple_pay_or_google_pay,apple_pay_or_google_pay,apple_pay_or_google_pay
I need to do a card activation.,activate_my_card,activate_my_card,activate_my_card,activate_my_card
"I am calling because the ATM didn't give me the right amount of cash, but my app shows the actual amount I wanted to withdraw. What should I do to get my money back?",wrong_amount_of_cash_received,wrong_amount_of_cash_received,wrong_amount_of_cash_received,wrong_amount_of_cash_received
Can I have more physical cards?,getting_spare_card,getting_spare_card,getting_spare_card,getting_spare_card
"I need my PIN, where is it?",get_physical_card,get_physical_card,get_physical_card,get_physical_card
What other fiat currencies can I use?,fiat_currency_support,fiat_currency_support,fiat_currency_support,fiat_currency_support
"My new card just arrived, how can I activate it?",activate_my_card,activate_my_card,activate_my_card,activate_my_card
I made a payment but the app gave the money back.,reverted_card_payment?,reverted_card_payment?,reverted_card_payment?,reverted_card_payment?
My payment has been cancelled,reverted_card_payment?,reverted_card_payment?,reverted_card_payment?,reverted_card_payment?
How can I request cash back? The ATM gave me the wrong amount that I've been charged though...,wrong_amount_of_cash_received,wrong_amount_of_cash_received,wrong_amount_of_cash_received,wrong_amount_of_cash_received
Where can I find the auto-top up feature?,automatic_top_up,automatic_top_up,automatic_top_up,automatic_top_up
Does your app allow currency exchange from USD to GBP?,exchange_via_app,exchange_via_app,exchange_via_app,exchange_via_app
Do you only use Visa or do you have Mastercard too?,visa_or_mastercard,visa_or_mastercard,visa_or_mastercard,visa_or_mastercard
"I Submitted a cheque couple of days ago, nothing happened to my account yet.What could be the possible issue?",balance_not_updated_after_cheque_or_cash_deposit,balance_not_updated_after_cheque_or_cash_deposit,balance_not_updated_after_cheque_or_cash_deposit,balance_not_updated_after_cheque_or_cash_deposit
I topped up but the app declined it,top_up_reverted,top_up_failed,top_up_failed,top_up_failed
How can I top up with Google play?,apple_pay_or_google_pay,apple_pay_or_google_pay,apple_pay_or_google_pay,apple_pay_or_google_pay
"Hello, I made a payment with my card and it's not working. It's been a while and still says its pending. Can you tell when this will go through?",pending_card_payment,pending_card_payment,pending_card_payment,pending_card_payment
How do i go about linking a new card?,card_linking,card_about_to_expire,card_about_to_expire,card_linking
How old does my daughter need to be to have her own account?,age_limit,age_limit,age_limit,age_limit
Can I add to my account using a cheque?,top_up_by_cash_or_cheque,top_up_by_cash_or_cheque,top_up_by_cash_or_cheque,top_up_by_cash_or_cheque
Do I need a disposable card?,get_disposable_virtual_card,get_disposable_virtual_card,disposable_card_limits,get_disposable_virtual_card
How do I go about unlocking a pin?,pin_blocked,get_physical_card,get_physical_card,pin_blocked
after going over my transactions for the last couple of months I noticed a pretty large charge that I know I did not make. I know it's been a while but can I still dispute this charge?,direct_debit_payment_not_recognised,direct_debit_payment_not_recognised,direct_debit_payment_not_recognised,direct_debit_payment_not_recognised
How come I can't seem to verify my id?,unable_to_verify_identity,unable_to_verify_identity,unable_to_verify_identity,unable_to_verify_identity
"I can't get my card out of the ATM, what should I do now?",card_swallowed,card_swallowed,card_swallowed,card_swallowed
Can you tell me why I wasn't able to complete my transfer?,failed_transfer,failed_transfer,failed_transfer,failed_transfer
Is there a tracking number for the card you sent me?,card_arrival,card_arrival,card_arrival,card_arrival
There is a single payment on my card which shows as pending.,pending_card_payment,pending_card_payment,pending_card_payment,pending_card_payment
"I found my card, how can I use it again?",card_linking,card_linking,card_linking,card_linking
My transfer still says pending,pending_transfer,pending_transfer,pending_transfer,pending_transfer
Why didn;t my payment work,declined_card_payment,declined_card_payment,declined_card_payment,declined_card_payment
How can I top up with my apple watch?,apple_pay_or_google_pay,apple_pay_or_google_pay,apple_pay_or_google_pay,apple_pay_or_google_pay
"Why does the ATM continually decline my card? I've tried multiple times on different machines with the same results. I thought I had enough funds for this, so please help me understand why this is happening.",declined_cash_withdrawal,transaction_charged_twice,transaction_charged_twice,transaction_charged_twice
what is a virtual and how do i get one,getting_virtual_card,getting_virtual_card,getting_virtual_card,getting_virtual_card
what cards and currencies are accepted?,supported_cards_and_currencies,supported_cards_and_currencies,supported_cards_and_currencies,supported_cards_and_currencies
I have trouble proving my identity.,unable_to_verify_identity,unable_to_verify_identity,unable_to_verify_identity,unable_to_verify_identity
I cancelled my card payment,reverted_card_payment?,reverted_card_payment?,reverted_card_payment?,reverted_card_payment?
What are the reasons to be charged a fee on card payments?,card_payment_fee_charged,card_payment_fee_charged,card_payment_fee_charged,card_payment_fee_charged
Can I check to see where the funds came from?,verify_source_of_funds,verify_source_of_funds,verify_source_of_funds,verify_source_of_funds
What is the appropriate age for my child to be able to open an account?,age_limit,age_limit,age_limit,age_limit
"I was overcharged at an ATM while on vacation. I needed cash so I had to use it, but your charges are outregous and I wish I would have known beforehand.",wrong_exchange_rate_for_cash_withdrawal,wrong_exchange_rate_for_cash_withdrawal,wrong_exchange_rate_for_cash_withdrawal,wrong_exchange_rate_for_cash_withdrawal
I want to transfer money with my credit card.,topping_up_by_card,topping_up_by_card,topping_up_by_card,topping_up_by_card
Why do i have to verify my top-up card?,verify_top_up,verify_top_up,verify_top_up,verify_top_up
How long will it take for my transfer to arrive?,transfer_not_received_by_recipient,transfer_timing,transfer_timing,transfer_not_received_by_recipient
What are the steps I should take to recover my swallowed card?,card_swallowed,verify_my_identity,verify_my_identity,card_about_to_expire
Is there any amount in which I would get cut off from topping up?,top_up_limits,top_up_by_card_charge,top_up_by_card_charge,top_up_by_card_charge
What are the top up charges for all US cards?,top_up_by_card_charge,top_up_by_card_charge,top_up_by_card_charge,top_up_by_card_charge
How many transactions can I do with my disposable card?,disposable_card_limits,disposable_card_limits,disposable_card_limits,disposable_card_limits
Transfers from the US how long will the wait be?,transfer_timing,transfer_timing,transfer_timing,transfer_timing
why was i charged a small amount,extra_charge_on_statement,transfer_fee_charged,transfer_fee_charged,transfer_fee_charged
The app is showing a direct debit transaction that I did not perform,direct_debit_payment_not_recognised,direct_debit_payment_not_recognised,direct_debit_payment_not_recognised,direct_debit_payment_not_recognised
My credit card did not go through. Can you see if it has insufficient funds?,top_up_failed,top_up_failed,top_up_failed,top_up_failed
How can I make my card ready to use?,activate_my_card,card_not_working,card_not_working,card_not_working
Can friends transfer money to each other?,receiving_money,transfer_into_account,transfer_into_account,transfer_into_account
"I used my card to top up, but the money is not there!",topping_up_by_card,topping_up_by_card,topping_up_by_card,topping_up_by_card
Where is an ATM?,atm_support,atm_support,atm_support,atm_support
What needs to be done to activate and use a card?,activate_my_card,activate_my_card,activate_my_card,activate_my_card
How do I change my AUD into GBP?,exchange_via_app,exchange_via_app,exchange_via_app,exchange_via_app
"On a card top-up, where can I verify?",verify_top_up,verify_top_up,verify_top_up,verify_top_up
What reasons would cause my card payment to be cancelled?,reverted_card_payment?,reverted_card_payment?,reverted_card_payment?,reverted_card_payment?
"My salary is received in the form of GBP. Is it necessary to configure this? If so, where is this done?",receiving_money,receiving_money,receiving_money,receiving_money
My transfer was not approved,declined_transfer,failed_transfer,declined_transfer,failed_transfer
I was expecting my new card by now.,card_arrival,card_arrival,card_arrival,card_arrival
Why did the transfer fail when I attempted to do it earlier?,failed_transfer,failed_transfer,failed_transfer,failed_transfer
I transferred some funds but I don't see it,balance_not_updated_after_bank_transfer,balance_not_updated_after_bank_transfer,balance_not_updated_after_bank_transfer,balance_not_updated_after_bank_transfer
I've already sent the money out and still have not received money in my account.,balance_not_updated_after_cheque_or_cash_deposit,transfer_not_received_by_recipient,transfer_not_received_by_recipient,transfer_not_received_by_recipient
I must have entered my PIN wrong.,pin_blocked,pin_blocked,pin_blocked,pin_blocked
Why should I have to prove my identity?,why_verify_identity,unable_to_verify_identity,unable_to_verify_identity,unable_to_verify_identity
why do i need to verify the top up?,verify_top_up,verify_top_up,verify_top_up,verify_top_up
I believe my card has been compromised because of a strange withdrawal,cash_withdrawal_not_recognised,cash_withdrawal_not_recognised,cash_withdrawal_not_recognised,cash_withdrawal_not_recognised
How much are you going to charge me if I top up my US card?,top_up_by_card_charge,top_up_by_card_charge,top_up_by_card_charge,top_up_by_card_charge
"I need to know this, where do my funds come from?",verify_source_of_funds,verify_source_of_funds,verify_source_of_funds,verify_source_of_funds
Do I get a discount if I exchange currencies a lot?,exchange_charge,exchange_charge,exchange_charge,exchange_charge
looking back on my transactions from a couple of months ago I have noticed a charge that is fairly large that I'm certain was not completed by me. I know it has been a while but can I please dispute this charge?,direct_debit_payment_not_recognised,direct_debit_payment_not_recognised,direct_debit_payment_not_recognised,direct_debit_payment_not_recognised
"I initiated a payment a while ago and it is still showing as ""pending"", how long will it take to clear?",pending_card_payment,pending_card_payment,pending_card_payment,pending_card_payment
Exchange rate on a purchase was incorrect,card_payment_wrong_exchange_rate,card_payment_wrong_exchange_rate,card_payment_wrong_exchange_rate,card_payment_wrong_exchange_rate
I would like to cancel my previous purchase.,request_refund,request_refund,request_refund,request_refund
What will happen after my card expires?,card_about_to_expire,card_about_to_expire,card_about_to_expire,card_about_to_expire
Why have I been charged an extra £1?,extra_charge_on_statement,extra_charge_on_statement,extra_charge_on_statement,extra_charge_on_statement
Why hasn't my transaction been completed?,transfer_not_received_by_recipient,transfer_not_received_by_recipient,transfer_not_received_by_recipient,transfer_not_received_by_recipient
"Hello, in these holidays i have been overcharged on the amount i have withdrawn on one of your ATMs. I did not had any clue about the horrible charges otherwise i would not have withdrawn.",wrong_exchange_rate_for_cash_withdrawal,wrong_exchange_rate_for_cash_withdrawal,transaction_charged_twice,wrong_exchange_rate_for_cash_withdrawal
I didn't enjoy my tutor session and want a refund back. How do I go about doing this?,request_refund,request_refund,request_refund,request_refund
I want my card I just received to show up in the app. How do I do that?,card_linking,card_linking,card_linking,card_linking
Can you help me activate my card,activate_my_card,activate_my_card,activate_my_card,activate_my_card
How can I cancel a transaction to a wrong account?,cancel_transfer,cancel_transfer,cancel_transfer,cancel_transfer
Is there a fee for physical cards?,order_physical_card,getting_spare_card,getting_spare_card,getting_spare_card
"My money's disappeared from my account! I topped up the other day and it was there, but now it's not. Help?",top_up_reverted,top_up_reverted,top_up_reverted,top_up_reverted
Why can't I see my funds after I topped up?,pending_top_up,verify_source_of_funds,verify_source_of_funds,topping_up_by_card
I am seeing in the App a diret debit that its not mine,direct_debit_payment_not_recognised,direct_debit_payment_not_recognised,direct_debit_payment_not_recognised,direct_debit_payment_not_recognised
There is a withdrawal in my account I didn't make.,cash_withdrawal_not_recognised,cash_withdrawal_not_recognised,cash_withdrawal_not_recognised,cash_withdrawal_not_recognised
how can i track card you sent,card_arrival,card_arrival,card_arrival,card_arrival
"My bank app said that I got cash from an ATM, but that's a mistake.",cash_withdrawal_not_recognised,cash_withdrawal_not_recognised,cash_withdrawal_not_recognised,cash_withdrawal_not_recognised
Where can I find the top up verification code?,verify_top_up,verify_top_up,verify_top_up,verify_top_up
Is the cash withdrawal going to show?,pending_cash_withdrawal,pending_cash_withdrawal,pending_cash_withdrawal,pending_cash_withdrawal
Why can't my transfer complete?,failed_transfer,failed_transfer,failed_transfer,failed_transfer
How can we correct a mistake on an ATM transaction?  The app shows what I should have gotten.,wrong_amount_of_cash_received,wrong_amount_of_cash_received,wrong_amount_of_cash_received,wrong_amount_of_cash_received
Can I get spare cards?,getting_spare_card,getting_spare_card,getting_spare_card,getting_spare_card
What is with the need to have all my ID information?,why_verify_identity,unable_to_verify_identity,unable_to_verify_identity,unable_to_verify_identity
DO you know the reason for the identity check?,why_verify_identity,why_verify_identity,why_verify_identity,why_verify_identity
Can I get a card? I live in the US.,country_support,country_support,country_support,country_support
Are there specific ATM's I can use with this card?,atm_support,atm_support,atm_support,atm_support
How can I solve my issue with holding multiple currencies?,fiat_currency_support,fiat_currency_support,fiat_currency_support,fiat_currency_support
I had a decline on my card. Why?,declined_card_payment,declined_card_payment,declined_card_payment,declined_card_payment
I went to do a transfer and it was declined.,declined_transfer,declined_transfer,declined_transfer,declined_transfer
Problem with my top up going through,pending_top_up,top_up_failed,top_up_failed,pending_top_up
Why am I being charged the wrong currency exchange when I purchased something abroad?,card_payment_wrong_exchange_rate,card_payment_wrong_exchange_rate,card_payment_wrong_exchange_rate,card_payment_wrong_exchange_rate
I require verification for my source of funds.,verify_source_of_funds,verify_source_of_funds,verify_source_of_funds,verify_source_of_funds
How long will my top-up be pending?,pending_top_up,pending_top_up,pending_top_up,pending_top_up
Help me find the transfer that I did.,balance_not_updated_after_bank_transfer,balance_not_updated_after_bank_transfer,balance_not_updated_after_bank_transfer,balance_not_updated_after_bank_transfer
I have a cash withdrawal on my statement that I am unsure of.,cash_withdrawal_not_recognised,cash_withdrawal_not_recognised,cash_withdrawal_not_recognised,cash_withdrawal_not_recognised
What are the countries that you operate in?,country_support,country_support,country_support,country_support
"Hi, In morning, i was trying to withdraw money from my card, but it got declined. So far it was working fine. Could you please check my card.",declined_cash_withdrawal,declined_cash_withdrawal,declined_cash_withdrawal,declined_cash_withdrawal
Tell me how a top up would be reverted.,top_up_reverted,top_up_reverted,top_up_reverted,top_up_reverted
I have a contactless that's broken.,contactless_not_working,contactless_not_working,contactless_not_working,contactless_not_working
"When I top-up, the app reverts it.",top_up_reverted,top_up_failed,top_up_failed,top_up_failed
Are extra cards free?,getting_spare_card,getting_spare_card,getting_spare_card,getting_spare_card
Is there a pay structure for currency exchanges?,exchange_charge,exchange_charge,exchange_charge,exchange_charge
How can I information on my limit for top-ups?,top_up_limits,top_up_limits,top_up_limits,top_up_limits
"I need some money transferred ASAP, how long does the process take?",transfer_timing,balance_not_updated_after_bank_transfer,balance_not_updated_after_bank_transfer,balance_not_updated_after_bank_transfer
where can I find the auto-top up option?,automatic_top_up,automatic_top_up,automatic_top_up,automatic_top_up
What is the source of the money in my account?,verify_source_of_funds,verify_source_of_funds,verify_source_of_funds,verify_source_of_funds
Will the card be a Mastercard or a Visa?,visa_or_mastercard,visa_or_mastercard,visa_or_mastercard,visa_or_mastercard
I am reluctant to use ATMs international because I don't get an accurate exchange rate,wrong_exchange_rate_for_cash_withdrawal,wrong_exchange_rate_for_cash_withdrawal,wrong_exchange_rate_for_cash_withdrawal,wrong_exchange_rate_for_cash_withdrawal
I am having problems with my physical card.,card_not_working,order_physical_card,order_physical_card,order_physical_card
"I need to get a card, but I live in the US.",country_support,country_support,country_support,country_support
I have exceeded all my PIN tries,pin_blocked,pin_blocked,pin_blocked,pin_blocked
Can I get support?,country_support,country_support,country_support,country_support
How can I configure what currency my salary is in if it's in GBP?,receiving_money,receiving_money,receiving_money,receiving_money
I use GBP for my salary deposits. Must I set this up somewhere?,receiving_money,receiving_money,receiving_money,receiving_money
Why is there a cash withdrawal I didn't make?,cash_withdrawal_not_recognised,cash_withdrawal_not_recognised,cash_withdrawal_not_recognised,cash_withdrawal_not_recognised
Can an apple watch be used to tup-up?,apple_pay_or_google_pay,apple_pay_or_google_pay,apple_pay_or_google_pay,apple_pay_or_google_pay
I want to close my account now.,terminate_account,terminate_account,terminate_account,terminate_account
How are cash withdrawals pending?,pending_cash_withdrawal,cash_withdrawal_charge,cash_withdrawal_charge,cash_withdrawal_charge
"Hi. About two hours ago I made a transfer from my bank which is in the UK, but I don't see it yet! Would you check what's going on with it, please?",balance_not_updated_after_bank_transfer,balance_not_updated_after_bank_transfer,balance_not_updated_after_bank_transfer,balance_not_updated_after_bank_transfer
I got the incorrect amount of money given to me from my account,wrong_amount_of_cash_received,wrong_amount_of_cash_received,wrong_amount_of_cash_received,wrong_amount_of_cash_received
How do I re-order a damaged card?,card_not_working,order_physical_card,order_physical_card,order_physical_card
My cash transaction isn't showing on my receipt,transfer_not_received_by_recipient,transfer_not_received_by_recipient,transfer_not_received_by_recipient,transfer_not_received_by_recipient
How long does a transfer from the US take?,transfer_timing,transfer_timing,transfer_timing,transfer_timing
Must I verify my identity?,why_verify_identity,verify_my_identity,verify_my_identity,verify_my_identity
What do I owe for a new card?,order_physical_card,card_arrival,card_arrival,card_arrival
My card stopped working after multiple transactions. Why?,card_not_working,card_not_working,card_not_working,card_not_working
I am not recognized by the app.,unable_to_verify_identity,unable_to_verify_identity,unable_to_verify_identity,unable_to_verify_identity
Is there a fee when I add money to my international card?,top_up_by_card_charge,top_up_by_card_charge,top_up_by_card_charge,top_up_by_card_charge
Where to check top ups pending?,pending_top_up,top_up_limits,top_up_limits,top_up_limits
Why is my card payment still a pending transaction?,pending_card_payment,pending_card_payment,pending_card_payment,pending_card_payment
Can you track my card for me?,card_arrival,card_arrival,card_arrival,card_arrival
Why do you need to check my identity?,why_verify_identity,why_verify_identity,why_verify_identity,why_verify_identity
Is currency exchange possible?,exchange_via_app,exchange_charge,exchange_charge,exchange_charge
who should i contact if my refund doesn't go through?,Refund_not_showing_up,Refund_not_showing_up,Refund_not_showing_up,Refund_not_showing_up
How do I get my money back for a duplicated charge?,transaction_charged_twice,request_refund,request_refund,transaction_charged_twice
Where can i exchange between GBP and USD,exchange_via_app,exchange_via_app,exchange_via_app,exchange_via_app
Help please!  My rent payment is coming out tomorrow and I made a payment mistake yesterday! Can you put in in the correct account?,cancel_transfer,cancel_transfer,cancel_transfer,cancel_transfer
I am not sure but someone else might be using my card,compromised_card,compromised_card,compromised_card,compromised_card
What do I do if my card expires soon?,card_about_to_expire,card_about_to_expire,card_about_to_expire,card_about_to_expire
I can't withdraw money,declined_cash_withdrawal,atm_support,atm_support,atm_support
Why am I being charged for getting cash?,cash_withdrawal_charge,cash_withdrawal_charge,cash_withdrawal_charge,cash_withdrawal_charge
Why was my transfer charged a fee?,transfer_fee_charged,transfer_fee_charged,transfer_fee_charged,transfer_fee_charged
Is there a top-up limit?,top_up_limits,top_up_limits,top_up_limits,top_up_limits
If my card payment isn't working what do I do?,declined_card_payment,card_not_working,card_not_working,card_not_working
What do I do now that I can't use this card?,card_not_working,atm_support,atm_support,atm_support
Is it possible to top up with Google Pay?,apple_pay_or_google_pay,apple_pay_or_google_pay,apple_pay_or_google_pay,apple_pay_or_google_pay
"I need to transfer something ASAP from China, how long will it take to post to my account?",transfer_timing,transfer_timing,transfer_timing,transfer_timing
Would it be possible for me to get a second card?,getting_spare_card,getting_spare_card,getting_spare_card,getting_spare_card
Please specify any limitations that come along with disposable cards.,disposable_card_limits,disposable_card_limits,disposable_card_limits,disposable_card_limits
I see some transactions that I don't recognize.  I think someone stole my details.,compromised_card,compromised_card,compromised_card,compromised_card
I would like to know how to work out where my funds came from?,verify_source_of_funds,verify_source_of_funds,verify_source_of_funds,verify_source_of_funds
Please help me figure out the reason for the odd withdrawal amount from my account?,cash_withdrawal_not_recognised,cash_withdrawal_not_recognised,cash_withdrawal_not_recognised,cash_withdrawal_not_recognised
what currencies can i exchange between on your app?,exchange_via_app,exchange_via_app,exchange_via_app,exchange_via_app
How recent do my documents need to be for verification?,verify_my_identity,verify_my_identity,verify_my_identity,verify_my_identity
Are there top up charges for US cards?,top_up_by_card_charge,top_up_by_card_charge,top_up_by_card_charge,top_up_by_card_charge
Why did my transfer fail?  What can I do?,failed_transfer,failed_transfer,failed_transfer,failed_transfer
Tell me more about getting a virtual disposable card.,get_disposable_virtual_card,get_disposable_virtual_card,get_disposable_virtual_card,disposable_card_limits
Dude I put money in the ATM last week but it ain't there! I need the money now figure this out!,balance_not_updated_after_cheque_or_cash_deposit,declined_cash_withdrawal,declined_cash_withdrawal,balance_not_updated_after_cheque_or_cash_deposit
Why does my transfer keep generating an error message?,beneficiary_not_allowed,beneficiary_not_allowed,beneficiary_not_allowed,beneficiary_not_allowed
"I am having issues using contactless payments, could my card be damaged?",contactless_not_working,contactless_not_working,contactless_not_working,contactless_not_working
I need immediate assistance in canceling a transfer which was a mistake. Please help me quickly so this does not go through.,cancel_transfer,failed_transfer,failed_transfer,failed_transfer
Can I have it delivered on the date I need it delivered?,card_delivery_estimate,card_delivery_estimate,card_delivery_estimate,card_delivery_estimate
Can you find out why my credit card didn't process payment? It was declined for top up so what's the deal?,top_up_failed,top_up_failed,top_up_failed,top_up_failed
Do I have a choice for a Mastercard?,visa_or_mastercard,visa_or_mastercard,visa_or_mastercard,visa_or_mastercard
"You can activate your card in a few seconds by going to account, hitting activate, and just following the directions.",activate_my_card,activate_my_card,activate_my_card,activate_my_card
How do I change to AUD from GBP?,exchange_via_app,exchange_via_app,exchange_via_app,exchange_via_app
how long should i expect to wait when i add money,pending_top_up,card_delivery_estimate,card_delivery_estimate,card_delivery_estimate
My app is showing a payment that I know I did not do. Can you please cancel that transaction and credit my account please?,direct_debit_payment_not_recognised,cash_withdrawal_not_recognised,cash_withdrawal_not_recognised,card_payment_not_recognised
Why are all my card payments being declined?,declined_card_payment,declined_transfer,declined_transfer,declined_transfer
I was charged the wing amount for an item.,card_payment_wrong_exchange_rate,card_payment_wrong_exchange_rate,card_payment_wrong_exchange_rate,card_payment_wrong_exchange_rate
What countries do your accounts support?,country_support,country_support,country_support,country_support
"Can I get money in my home currency at some ATM? I'm on holiday and am a bit concerned because I don't have any cash with me, it is possible to withdraw here already without any additional cost?",wrong_exchange_rate_for_cash_withdrawal,wrong_exchange_rate_for_cash_withdrawal,wrong_exchange_rate_for_cash_withdrawal,wrong_exchange_rate_for_cash_withdrawal
Why do I have an unexpected fee on my bill?,transfer_fee_charged,transfer_fee_charged,transfer_fee_charged,transfer_fee_charged
I am interested in cancelling a purchase,request_refund,request_refund,request_refund,request_refund
I moved and need to change my address.,edit_personal_details,edit_personal_details,edit_personal_details,edit_personal_details
I cannot get my virtual card to function.,virtual_card_not_working,getting_virtual_card,getting_virtual_card,virtual_card_not_working
I withdrew cash abroad and the exchange rate applied is wrong.,wrong_exchange_rate_for_cash_withdrawal,wrong_exchange_rate_for_cash_withdrawal,wrong_exchange_rate_for_cash_withdrawal,wrong_exchange_rate_for_cash_withdrawal
"My phone was stolen, what should I do?",lost_or_stolen_phone,lost_or_stolen_phone,lost_or_stolen_phone,lost_or_stolen_phone
How do I fix a transaction to the wrong account?,cancel_transfer,cancel_transfer,cancel_transfer,cancel_transfer
Please delete my account now.,terminate_account,terminate_account,terminate_account,terminate_account
My cards were stolen,lost_or_stolen_phone,lost_or_stolen_card,lost_or_stolen_card,lost_or_stolen_card
Why is top up not working if I use my American express with my apple pay?,apple_pay_or_google_pay,apple_pay_or_google_pay,apple_pay_or_google_pay,apple_pay_or_google_pay
Please tell me why I was charged additionally when I used the card.,card_payment_fee_charged,card_payment_fee_charged,card_payment_fee_charged,card_payment_fee_charged
The balance has not been updated.,balance_not_updated_after_bank_transfer,balance_not_updated_after_cheque_or_cash_deposit,balance_not_updated_after_cheque_or_cash_deposit,balance_not_updated_after_cheque_or_cash_deposit
The ATM keeps declining my card! I tried two different ATMs already can you please check if everything is alright with my account??,declined_cash_withdrawal,declined_cash_withdrawal,declined_cash_withdrawal,declined_cash_withdrawal
"Could you refund my transaction, I paid it into the wrong account. I need to be able to pay it into the right account by tomorrow.",cancel_transfer,cancel_transfer,cancel_transfer,cancel_transfer
Why do I have a strange payment on my statement?,card_payment_not_recognised,card_payment_not_recognised,card_payment_not_recognised,card_payment_not_recognised
The app says that I got cash in an ATM and I didn't,cash_withdrawal_not_recognised,cash_withdrawal_not_recognised,cash_withdrawal_not_recognised,cash_withdrawal_not_recognised
Can I allow other people to top up my account?,topping_up_by_card,topping_up_by_card,topping_up_by_card,topping_up_by_card
Do I have to pick a creditcard brand?,visa_or_mastercard,transaction_charged_twice,transaction_charged_twice,exchange_charge
I really want a physical card. How do I get one?,order_physical_card,order_physical_card,order_physical_card,order_physical_card
How do I turn on my new card?,activate_my_card,card_arrival,card_arrival,card_arrival
Is it possible to exchange currencies on the app?,exchange_via_app,exchange_via_app,exchange_via_app,exchange_via_app
Can I have more disposable cards?,disposable_card_limits,disposable_card_limits,disposable_card_limits,disposable_card_limits
Why is it showing that my account has been charged a dollar that is showing as pending?,extra_charge_on_statement,pending_card_payment,pending_card_payment,pending_card_payment
The currency exchange for my purchase in foreign currency is incorrect.,card_payment_wrong_exchange_rate,card_payment_wrong_exchange_rate,card_payment_wrong_exchange_rate,card_payment_wrong_exchange_rate
Help me.  The passcode doesn't work.,passcode_forgotten,passcode_forgotten,passcode_forgotten,passcode_forgotten
How long does it take to verify a cash withdraw?,pending_cash_withdrawal,transfer_timing,transfer_timing,card_delivery_estimate
Why does it show that my transfer is still pending?,pending_transfer,pending_transfer,pending_transfer,pending_transfer
"Card has been received, how will it show up on the app?",card_linking,card_linking,card_linking,card_linking
Why is my transfer still pending?,pending_transfer,pending_transfer,pending_transfer,pending_transfer
I have a payment that has not gone through yet,pending_card_payment,pending_card_payment,pending_card_payment,pending_card_payment
why have i not got my new card?,card_arrival,card_arrival,card_arrival,card_arrival
"Hello. Please, would you tell me if you have or have not received funds for a refund that I recently requested for a big purchase? I've contacted the merchant, but I can't tell that they have taken any action on it.",Refund_not_showing_up,Refund_not_showing_up,Refund_not_showing_up,Refund_not_showing_up
My card hasn't been working for even small transactions today.,card_not_working,card_not_working,card_not_working,card_not_working
How can I replace an expired card?,card_about_to_expire,card_about_to_expire,card_about_to_expire,card_about_to_expire
Are there virtual disposable cards?,get_disposable_virtual_card,disposable_card_limits,disposable_card_limits,disposable_card_limits
What's the deal with verifying the top-up?,verify_top_up,verify_top_up,verify_top_up,verify_top_up
In a recent withdrawal I received less cash than I expected to receive.  Did someone make an error with the exchange rate?,wrong_exchange_rate_for_cash_withdrawal,wrong_exchange_rate_for_cash_withdrawal,wrong_exchange_rate_for_cash_withdrawal,wrong_exchange_rate_for_cash_withdrawal
Can I update my details?,edit_personal_details,edit_personal_details,edit_personal_details,edit_personal_details
I want to link my new card. Can you help?,card_linking,card_linking,card_linking,card_linking
Why on earth is the exchange rate so bad?   Can I get a rate closer to the actual interbank rate?,card_payment_wrong_exchange_rate,card_payment_wrong_exchange_rate,card_payment_wrong_exchange_rate,card_payment_wrong_exchange_rate
Would I be able to refund an item?,request_refund,request_refund,request_refund,request_refund
I have an odd payment in my statement,card_payment_not_recognised,card_payment_not_recognised,card_payment_not_recognised,card_payment_not_recognised
What's the pending length for credit transactions? I've had one in my pending category now for days and it won't move to processed.,pending_card_payment,pending_transfer,pending_transfer,pending_transfer
I transferred money to my account but it is not showing.,balance_not_updated_after_bank_transfer,balance_not_updated_after_bank_transfer,balance_not_updated_after_bank_transfer,balance_not_updated_after_bank_transfer
why is there a fee for the transfer I made?,transfer_fee_charged,transfer_fee_charged,transfer_fee_charged,transfer_fee_charged
Lost password,passcode_forgotten,passcode_forgotten,passcode_forgotten,passcode_forgotten
My card appears to have never arrived?,card_arrival,card_arrival,card_arrival,card_arrival
I need assistance addressing a direct debit that I did not do myself.,direct_debit_payment_not_recognised,direct_debit_payment_not_recognised,direct_debit_payment_not_recognised,direct_debit_payment_not_recognised
I did not get all the cash at ATM.,wrong_amount_of_cash_received,wrong_amount_of_cash_received,wrong_amount_of_cash_received,wrong_amount_of_cash_received
A transfer was not allowed to an account.,beneficiary_not_allowed,beneficiary_not_allowed,beneficiary_not_allowed,beneficiary_not_allowed
What are the restrictions of the disposable cards?,disposable_card_limits,disposable_card_limits,disposable_card_limits,disposable_card_limits
Why have my top ups been canceled?,top_up_reverted,top_up_reverted,top_up_reverted,top_up_reverted
How much does a transfer cost?,top_up_by_bank_transfer_charge,top_up_by_bank_transfer_charge,top_up_by_bank_transfer_charge,top_up_by_bank_transfer_charge
What options do I have when topping up a US card?,top_up_by_card_charge,top_up_by_card_charge,top_up_by_card_charge,top_up_by_card_charge
I sent payment with EU transfer and they still haven't received it. How long does it take?,pending_transfer,transfer_not_received_by_recipient,transfer_not_received_by_recipient,transfer_not_received_by_recipient
I was given less cash then I wanted.,wrong_amount_of_cash_received,wrong_amount_of_cash_received,wrong_amount_of_cash_received,wrong_amount_of_cash_received
How can I Use thereto-top option?,automatic_top_up,supported_cards_and_currencies,supported_cards_and_currencies,supported_cards_and_currencies
Why have i been charged a fee for using my card?,card_payment_fee_charged,card_payment_fee_charged,card_payment_fee_charged,card_payment_fee_charged
Why was I charged twice for the same transaction?,transaction_charged_twice,transaction_charged_twice,transaction_charged_twice,transaction_charged_twice
I believe my top up is still pending,pending_top_up,pending_top_up,pending_top_up,pending_top_up
Can I track the card that you sent me in the mail?,card_arrival,card_arrival,card_arrival,card_arrival
Is my credit card supported for top-ups?,supported_cards_and_currencies,top_up_by_card_charge,top_up_by_card_charge,top_up_by_card_charge
Where is my recent refund in the my statement?,Refund_not_showing_up,Refund_not_showing_up,Refund_not_showing_up,Refund_not_showing_up
"I cannot get to my app, what should I do?",lost_or_stolen_phone,lost_or_stolen_phone,lost_or_stolen_phone,lost_or_stolen_phone
Am I going to see a charge for a SEPA transfer?,top_up_by_bank_transfer_charge,top_up_by_bank_transfer_charge,top_up_by_bank_transfer_charge,top_up_by_bank_transfer_charge
My card is about to expire. What do I need to do to keep using my card?,card_about_to_expire,card_about_to_expire,card_about_to_expire,card_about_to_expire
Is my card frozen?,card_not_working,card_arrival,card_arrival,card_arrival
"If I have already completed a cash withdrawal at an ATM, is it normal for it to show as a pending transaction on the app?",pending_cash_withdrawal,pending_cash_withdrawal,pending_cash_withdrawal,pending_cash_withdrawal
"Please, tell me why I can't have the funds I deposited a week ago? I need the money now.",balance_not_updated_after_cheque_or_cash_deposit,balance_not_updated_after_cheque_or_cash_deposit,balance_not_updated_after_cheque_or_cash_deposit,balance_not_updated_after_cheque_or_cash_deposit
Why isn't my card working? I was pumped to use my new card but it keeps getting declined. Help please.,declined_card_payment,declined_card_payment,declined_card_payment,declined_card_payment
What are the steps I need to take to cancel a transaction?,cancel_transfer,cancel_transfer,cancel_transfer,cancel_transfer
Why hasn't my ID been verified?,unable_to_verify_identity,unable_to_verify_identity,unable_to_verify_identity,unable_to_verify_identity
HOW DO I TRANSFER MONEY FROM MY BANK ACCOUNT?,transfer_into_account,transfer_into_account,transfer_into_account,transfer_into_account
Is there a charge for sending out more cards?,getting_spare_card,getting_spare_card,getting_spare_card,getting_spare_card
Do you accept any card and currency?,supported_cards_and_currencies,supported_cards_and_currencies,supported_cards_and_currencies,supported_cards_and_currencies
How fast can you fix an error in payment?  I made a payment in the wrong account yesterday and it needs to be adjusted by tomorrow for my rent.,cancel_transfer,cancel_transfer,cancel_transfer,cancel_transfer
What documents do I need to get together to verify my identity?,verify_my_identity,verify_my_identity,verify_my_identity,verify_my_identity
I purchased something abroad but the exchange rate is incorrect.,card_payment_wrong_exchange_rate,card_payment_wrong_exchange_rate,card_payment_wrong_exchange_rate,card_payment_wrong_exchange_rate
Why are you charging me for ATM withdrawal? It has always been free before.,cash_withdrawal_charge,cash_withdrawal_charge,cash_withdrawal_charge,cash_withdrawal_charge
Why was a fee added to my bill when I used my card?,card_payment_fee_charged,card_payment_fee_charged,card_payment_fee_charged,card_payment_fee_charged
Why hasn't my transaction arrived to my friend yet?,transfer_not_received_by_recipient,transfer_not_received_by_recipient,transfer_not_received_by_recipient,transfer_not_received_by_recipient
How does the exchange rate work?,exchange_rate,exchange_rate,exchange_rate,exchange_rate
My phone was stolen! What do I need to do?,lost_or_stolen_phone,lost_or_stolen_phone,lost_or_stolen_phone,lost_or_stolen_phone
What happened to the transfer I did?,balance_not_updated_after_bank_transfer,failed_transfer,failed_transfer,failed_transfer
Why hasn't my withdrawal shown on my statement?,pending_cash_withdrawal,extra_charge_on_statement,extra_charge_on_statement,extra_charge_on_statement
I really need to top-up my card today urgently but my card keeps getting declined!! Can you please resolve this problem or try an alternative,top_up_failed,top_up_failed,top_up_failed,top_up_failed
I am not seeing recent cash withdrawal on my account.,pending_cash_withdrawal,cash_withdrawal_not_recognised,cash_withdrawal_not_recognised,cash_withdrawal_not_recognised
"My transfer was declined, why is that?",declined_transfer,declined_transfer,declined_transfer,declined_transfer
Why am I missing my refund,Refund_not_showing_up,Refund_not_showing_up,Refund_not_showing_up,Refund_not_showing_up
I don't have my card after 1 week. What are my next steps?,card_arrival,card_arrival,card_arrival,card_arrival
What currencies can I have?,fiat_currency_support,fiat_currency_support,fiat_currency_support,fiat_currency_support
How do I top up using my card?,topping_up_by_card,topping_up_by_card,topping_up_by_card,topping_up_by_card
why am I being charged a fee for transferring money ?,transfer_fee_charged,transfer_fee_charged,transfer_fee_charged,transfer_fee_charged
"I am waiting on this refund, hurry up.",Refund_not_showing_up,Refund_not_showing_up,Refund_not_showing_up,Refund_not_showing_up
What top up charges are there for US cards?,top_up_by_card_charge,top_up_by_card_charge,top_up_by_card_charge,top_up_by_card_charge
Why did the ATM take my card and keep it?,card_swallowed,declined_cash_withdrawal,declined_cash_withdrawal,declined_cash_withdrawal
Why and I being charged this fee?,card_payment_fee_charged,card_payment_fee_charged,card_payment_fee_charged,card_payment_fee_charged
Which credit card top-ups do you accept?,supported_cards_and_currencies,supported_cards_and_currencies,supported_cards_and_currencies,supported_cards_and_currencies
I just transferred some money. Why was I charged a fee?,transfer_fee_charged,transfer_fee_charged,transfer_fee_charged,transfer_fee_charged
"I am having a slight problem with my American express in apple play, can you help me fix the problem with top up?",apple_pay_or_google_pay,apple_pay_or_google_pay,apple_pay_or_google_pay,apple_pay_or_google_pay
My PIN tries have run out. Now what?,pin_blocked,pin_blocked,pin_blocked,pin_blocked
I used my card to get cash then I was charged a fee that I shouldn't have been charged.,cash_withdrawal_charge,card_payment_fee_charged,card_payment_fee_charged,card_payment_fee_charged
Why has my money disappeared? I topped up earlier and seen it was there and had went through. What seems to be the problem?,top_up_reverted,top_up_reverted,top_up_reverted,top_up_reverted
What can I do if my card details where stolen from my car? I think they used my card to buy gas.,compromised_card,compromised_card,compromised_card,compromised_card
Transfer was declined.,declined_transfer,declined_transfer,declined_transfer,declined_transfer
Is it possible to get a refund for the item?,request_refund,request_refund,request_refund,request_refund
Transfer declined.,declined_transfer,declined_transfer,declined_transfer,declined_transfer
Are there specific ATM's that I can draw money from?,atm_support,atm_support,atm_support,atm_support
There is no way for me to prove my identity.,unable_to_verify_identity,unable_to_verify_identity,unable_to_verify_identity,unable_to_verify_identity
can I use it all over the world?,country_support,country_support,country_support,country_support
Is there a tracking number for the card?,card_arrival,card_arrival,card_arrival,card_arrival
How quickly can I transfer something to China?,transfer_timing,transfer_timing,transfer_timing,transfer_timing
How do I to up by card?,topping_up_by_card,topping_up_by_card,topping_up_by_card,topping_up_by_card
Where is the verification code display?,verify_top_up,verify_top_up,verify_top_up,verify_top_up
I would like a second card.,getting_spare_card,getting_spare_card,getting_spare_card,getting_spare_card
Is there an age limit to get an account?,age_limit,age_limit,age_limit,age_limit
The balance does not appear to have updated.,balance_not_updated_after_bank_transfer,balance_not_updated_after_bank_transfer,balance_not_updated_after_bank_transfer,balance_not_updated_after_bank_transfer
I just got married and need to change my name on the account,edit_personal_details,edit_personal_details,edit_personal_details,edit_personal_details
I ordered my card a couple weeks ago and haven't received it yet. When can I expect it?,card_delivery_estimate,card_arrival,card_arrival,card_arrival
Why did I get charged more for using my card?,card_payment_fee_charged,card_payment_fee_charged,card_payment_fee_charged,card_payment_fee_charged
I requested a higher amount for my cash withdrawal,wrong_amount_of_cash_received,wrong_amount_of_cash_received,wrong_amount_of_cash_received,wrong_amount_of_cash_received
"Would you be able to offer me a discount, since I need to exchange currencies frequently?",exchange_charge,exchange_charge,exchange_charge,exchange_charge
What's the reason my new card hasn't come?,card_arrival,card_arrival,card_arrival,card_arrival
My payment was cancelled,reverted_card_payment?,reverted_card_payment?,reverted_card_payment?,reverted_card_payment?
I need my purchase cancelled.,request_refund,request_refund,request_refund,request_refund
I made a cash deposit and the balance wasn't updated.,balance_not_updated_after_cheque_or_cash_deposit,balance_not_updated_after_cheque_or_cash_deposit,balance_not_updated_after_cheque_or_cash_deposit,balance_not_updated_after_cheque_or_cash_deposit
how long does a US transfer take,transfer_timing,transfer_timing,transfer_timing,transfer_timing
I don't know my password,passcode_forgotten,passcode_forgotten,passcode_forgotten,passcode_forgotten
My refund for a purchase hasn't  cone through yet.,Refund_not_showing_up,Refund_not_showing_up,Refund_not_showing_up,Refund_not_showing_up
Tell me why my transfer is declined.,declined_transfer,declined_transfer,declined_transfer,declined_transfer
I think my top up has been reverted,top_up_reverted,top_up_reverted,top_up_reverted,top_up_reverted
how long does it take for a transfer to arrive,transfer_not_received_by_recipient,transfer_timing,transfer_timing,transfer_timing
the transfer to an account wasn't allowed is there any other way for me to do it,beneficiary_not_allowed,beneficiary_not_allowed,beneficiary_not_allowed,beneficiary_not_allowed
How can my account have money transferred into it?,transfer_into_account,balance_not_updated_after_bank_transfer,balance_not_updated_after_bank_transfer,balance_not_updated_after_bank_transfer
Why was there a fee for paying by card?,card_payment_fee_charged,card_payment_fee_charged,card_payment_fee_charged,card_payment_fee_charged
"Please give me both Visa and MasterCard, is it possible?",visa_or_mastercard,visa_or_mastercard,visa_or_mastercard,visa_or_mastercard
where is my money from this morning,balance_not_updated_after_cheque_or_cash_deposit,verify_source_of_funds,verify_source_of_funds,verify_source_of_funds
What should I do?  My card has been stolen!,lost_or_stolen_card,lost_or_stolen_card,lost_or_stolen_card,lost_or_stolen_card
In which countries can I get a card?,country_support,country_support,country_support,country_support
Is there a cost to receive money?,top_up_by_bank_transfer_charge,top_up_by_bank_transfer_charge,top_up_by_bank_transfer_charge,top_up_by_bank_transfer_charge
"Since I got married, I need to change my name.",edit_personal_details,edit_personal_details,edit_personal_details,edit_personal_details
I haven't received my PIN yet. Do I need to get it from you?,get_physical_card,get_physical_card,get_physical_card,get_physical_card
Can you provide me a disposable virtual card?,get_disposable_virtual_card,get_disposable_virtual_card,get_disposable_virtual_card,get_disposable_virtual_card
My ATM withdrawal is taking forever,pending_cash_withdrawal,pending_cash_withdrawal,pending_cash_withdrawal,pending_cash_withdrawal
Tell me what ATMs take this card.,atm_support,atm_support,atm_support,atm_support
To many charges on my card how do I go about fixing that?,transaction_charged_twice,card_linking,card_linking,compromised_card
How to receive virtual card?,getting_virtual_card,getting_virtual_card,getting_virtual_card,getting_virtual_card
What is my top-up limit?,top_up_limits,top_up_limits,top_up_limits,top_up_limits
Does Apple Watch support the topping-off of my account?,apple_pay_or_google_pay,apple_pay_or_google_pay,apple_pay_or_google_pay,apple_pay_or_google_pay
I am having a problem with verifying my identity.,unable_to_verify_identity,unable_to_verify_identity,unable_to_verify_identity,unable_to_verify_identity
Will I receive all the money sent to my account by SEPA transfer?,top_up_by_bank_transfer_charge,top_up_by_bank_transfer_charge,top_up_by_bank_transfer_charge,top_up_by_bank_transfer_charge
I made a payment that is not yet complete.,pending_card_payment,pending_card_payment,pending_card_payment,pending_card_payment
What to do if my card is about to expire?,card_about_to_expire,card_about_to_expire,card_about_to_expire,card_about_to_expire
A cash withdrawal has been done that I didn't do.,cash_withdrawal_not_recognised,cash_withdrawal_not_recognised,cash_withdrawal_not_recognised,cash_withdrawal_not_recognised
After I used my card I saw I was charged a fee for using it,card_payment_fee_charged,card_payment_fee_charged,card_payment_fee_charged,card_payment_fee_charged
I need to change my data.,edit_personal_details,edit_personal_details,edit_personal_details,edit_personal_details
How much will I be charged for a cross-currency exchange?,exchange_charge,exchange_charge,exchange_charge,exchange_charge
Why am I being charged again?,transaction_charged_twice,cash_withdrawal_charge,cash_withdrawal_charge,card_payment_fee_charged
How do I go about getting a refund?,request_refund,request_refund,request_refund,request_refund
How do I report my card as lost or stolen?,lost_or_stolen_card,lost_or_stolen_card,lost_or_stolen_card,lost_or_stolen_card
Remove my account immediately.,terminate_account,terminate_account,terminate_account,terminate_account
you got the exchange rate wrong for my cash withdrawal,wrong_exchange_rate_for_cash_withdrawal,wrong_exchange_rate_for_cash_withdrawal,wrong_exchange_rate_for_cash_withdrawal,wrong_exchange_rate_for_cash_withdrawal
"Suddenly, my card won't work.",card_not_working,card_not_working,card_not_working,card_not_working
"I need a new card to replace an expired one. Will it cost anything, and how soon?",card_about_to_expire,card_about_to_expire,card_about_to_expire,card_about_to_expire
I don't have a virtual card - how do I get one?,getting_virtual_card,getting_virtual_card,getting_virtual_card,getting_virtual_card
I can't get my virtual card to work.,virtual_card_not_working,virtual_card_not_working,virtual_card_not_working,virtual_card_not_working
Can I receive a refund for an item I purchased?,request_refund,request_refund,request_refund,request_refund
Why is my transfer taking so long. I thought it was supposed to only take 1 day if I made a transfer to someone. Can you wee what went wrong?,transfer_not_received_by_recipient,pending_transfer,pending_transfer,pending_transfer
Do I pay a fee for SEPA transfers?,top_up_by_bank_transfer_charge,top_up_by_bank_transfer_charge,top_up_by_bank_transfer_charge,top_up_by_bank_transfer_charge
Can you please explain why my transfer failed?,failed_transfer,failed_transfer,failed_transfer,failed_transfer
How much can I top up in a day?,top_up_limits,top_up_limits,top_up_limits,top_up_limits
I want to get my hands on one of those virtual cards!,getting_virtual_card,getting_virtual_card,getting_virtual_card,getting_virtual_card
Can I have a refund for one of your products?,request_refund,request_refund,request_refund,request_refund
Is there a charge for exchanging foreign currency?,exchange_charge,exchange_charge,exchange_charge,exchange_charge
I received $20 but I entered $100,wrong_amount_of_cash_received,wrong_amount_of_cash_received,wrong_amount_of_cash_received,wrong_amount_of_cash_received
I need assistance to activate the card on my account.,activate_my_card,activate_my_card,activate_my_card,activate_my_card
What's the wait time for European transfers?,transfer_timing,transfer_timing,transfer_timing,transfer_timing
Is there a top-up limit that I have to stay under during a given period of time?,top_up_limits,top_up_limits,top_up_limits,top_up_limits
Are there certain cards and currencies you support?,supported_cards_and_currencies,supported_cards_and_currencies,supported_cards_and_currencies,supported_cards_and_currencies
Can you provide information for freezing my card immediately?,lost_or_stolen_card,card_delivery_estimate,card_delivery_estimate,card_delivery_estimate
Why can't I add any beneficiary I choose?,beneficiary_not_allowed,beneficiary_not_allowed,beneficiary_not_allowed,beneficiary_not_allowed
Is there a way to use this app with a disposable virtual card?,get_disposable_virtual_card,get_disposable_virtual_card,get_disposable_virtual_card,get_disposable_virtual_card
Is the PIN sent in another message?,get_physical_card,get_physical_card,get_physical_card,get_physical_card
What flat currencies do you support for holding and exchange?,fiat_currency_support,fiat_currency_support,fiat_currency_support,fiat_currency_support
What are age requirements for opening an account?,age_limit,age_limit,age_limit,age_limit
I got less cash than what I specified at the ATM.,wrong_amount_of_cash_received,wrong_amount_of_cash_received,wrong_amount_of_cash_received,wrong_amount_of_cash_received
Why is there a fee for doing a transfer?,transfer_fee_charged,transfer_fee_charged,transfer_fee_charged,transfer_fee_charged
Won't let me top my card up!! Who can get it sorted out for me? It's urgent! How do I find out what the problem is with my card and how else to top it up?,top_up_failed,topping_up_by_card,topping_up_by_card,topping_up_by_card
Can I have multiple currencies in my account?,fiat_currency_support,fiat_currency_support,fiat_currency_support,fiat_currency_support
Someone besides me might be using my card.,compromised_card,compromised_card,compromised_card,compromised_card
Why hasn't my friend received the money i sent them yet?,transfer_not_received_by_recipient,transfer_not_received_by_recipient,transfer_not_received_by_recipient,transfer_not_received_by_recipient
"I tried transferring money to a beneficiary, however, I was unsuccessful.",beneficiary_not_allowed,beneficiary_not_allowed,beneficiary_not_allowed,beneficiary_not_allowed
I deposited money but my balance hasn't been updated yet.,balance_not_updated_after_cheque_or_cash_deposit,balance_not_updated_after_cheque_or_cash_deposit,balance_not_updated_after_cheque_or_cash_deposit,balance_not_updated_after_cheque_or_cash_deposit
Is it possible to hold money in multiple currencies?,fiat_currency_support,fiat_currency_support,fiat_currency_support,fiat_currency_support
Do I get an actual card?,order_physical_card,order_physical_card,order_physical_card,order_physical_card
I have not seen any changes in my account balance(s) after making a transfer.,pending_transfer,balance_not_updated_after_bank_transfer,balance_not_updated_after_bank_transfer,balance_not_updated_after_bank_transfer
How do I verify my source of funds?,verify_source_of_funds,verify_source_of_funds,verify_source_of_funds,verify_source_of_funds
I'd like my account to be deleted. I'm not satisfied with the service you provide.,terminate_account,terminate_account,terminate_account,terminate_account
I went to the Notting Hill ATM to use my card the first time for a cash withdrawal but it didn't work. Does this mean that my card isn't working yet?,declined_cash_withdrawal,declined_cash_withdrawal,declined_cash_withdrawal,declined_cash_withdrawal
where are the transfers originating,verify_source_of_funds,order_physical_card,top_up_by_bank_transfer_charge,order_physical_card
Is it possible to have a second card?,getting_spare_card,getting_spare_card,getting_spare_card,getting_spare_card
want to get a new card in china,card_about_to_expire,card_about_to_expire,card_about_to_expire,card_about_to_expire
What is the top up code for?,verify_top_up,verify_top_up,verify_top_up,verify_top_up
"How long does a transfer from a UK account take? I just made one and it doesn't seem to be working, wondering if everything is okay",balance_not_updated_after_bank_transfer,balance_not_updated_after_bank_transfer,balance_not_updated_after_bank_transfer,balance_not_updated_after_bank_transfer
Can I have another card in addition to my first one?,getting_spare_card,getting_spare_card,getting_spare_card,getting_spare_card
"i put in money for vacation and its not showing. i need that money today, how long will it take",pending_transfer,transfer_not_received_by_recipient,transfer_not_received_by_recipient,transfer_not_received_by_recipient
Can both a Visa and Mastercard be received from you?,visa_or_mastercard,visa_or_mastercard,visa_or_mastercard,visa_or_mastercard
There is a cash withdrawl I don't remember.,cash_withdrawal_not_recognised,cash_withdrawal_not_recognised,cash_withdrawal_not_recognised,cash_withdrawal_not_recognised
Help me order a new card that's going to be expired soon.,card_about_to_expire,card_about_to_expire,card_about_to_expire,card_about_to_expire
You accepts my card?,card_acceptance,card_not_working,card_not_working,card_acceptance
Will money be added automatically when necessary?,automatic_top_up,automatic_top_up,automatic_top_up,automatic_top_up
Is there a limit to the number of disposable cards I can have?,disposable_card_limits,disposable_card_limits,disposable_card_limits,disposable_card_limits
Why was the exchange wrong for the item I purchased?,card_payment_wrong_exchange_rate,card_payment_wrong_exchange_rate,card_payment_wrong_exchange_rate,card_payment_wrong_exchange_rate
Can you close my account please?,terminate_account,terminate_account,terminate_account,terminate_account
I just got my card and cannot get it to work.,activate_my_card,card_not_working,card_not_working,activate_my_card
Somebody made a withdrawal from my account for 500. I have my card so how can this be? Does somebody have a duplicate card or something? Help please.,cash_withdrawal_not_recognised,cash_withdrawal_not_recognised,cash_withdrawal_not_recognised,cash_withdrawal_not_recognised
Help me with a PIN change.,change_pin,change_pin,change_pin,change_pin
"If I exchange foreign currency, are there any other charges?",exchange_charge,exchange_charge,exchange_charge,exchange_charge
"There's a payment with my card that I definitely didn't do myself, never seen that name before.",card_payment_not_recognised,card_payment_not_recognised,card_payment_not_recognised,card_payment_not_recognised
The money disappeared when I tried to use my card to top up.,topping_up_by_card,topping_up_by_card,topping_up_by_card,topping_up_by_card
When can I expect my card? I live in the US.,card_delivery_estimate,card_delivery_estimate,card_delivery_estimate,card_delivery_estimate
How do I link a new card to an existing one?,card_linking,card_linking,card_linking,card_linking
Verifying top-up cards necessary?,verify_top_up,verify_top_up,verify_top_up,verify_top_up
How do I top-up my card with a cheque?,top_up_by_cash_or_cheque,top_up_by_cash_or_cheque,top_up_by_cash_or_cheque,top_up_by_cash_or_cheque
"my payment was rejected, do you know why?",declined_card_payment,declined_card_payment,declined_card_payment,declined_card_payment
My payment's stuck on pending.,pending_card_payment,pending_card_payment,pending_card_payment,pending_card_payment
"hey, I think someone stole my card numbers. There is a purchase showing up on my app from a store pretty far away from me.. I really need that money back to pay my rent.",direct_debit_payment_not_recognised,cash_withdrawal_not_recognised,cash_withdrawal_not_recognised,cash_withdrawal_not_recognised
Why do I see a fee when I do a transfer?,transfer_fee_charged,card_payment_fee_charged,card_payment_fee_charged,card_payment_fee_charged
Why is the transaction not posting?,pending_transfer,transfer_not_received_by_recipient,transfer_not_received_by_recipient,transfer_not_received_by_recipient
How do I find out where my funds came from?,verify_source_of_funds,verify_source_of_funds,verify_source_of_funds,verify_source_of_funds
My bill shows the same charge more than once,transaction_charged_twice,transaction_charged_twice,transaction_charged_twice,transaction_charged_twice
I'm still waiting for my card.,card_arrival,card_arrival,card_arrival,card_arrival
How can I get a refund for a purchase?,request_refund,request_refund,request_refund,request_refund
What do you need my identity details for?,why_verify_identity,why_verify_identity,why_verify_identity,why_verify_identity
Can I hold more than one currency?,fiat_currency_support,fiat_currency_support,fiat_currency_support,fiat_currency_support
I need to order a new card as my other one was stolen.,lost_or_stolen_card,card_about_to_expire,card_about_to_expire,card_about_to_expire
What is the timeframe for a transfer in Europe?,transfer_timing,transfer_timing,transfer_timing,transfer_timing
What are the time frames for the money to be available in my account?,transfer_timing,transfer_timing,transfer_timing,transfer_timing
"I would like to top up my account with a bank transfer, is that allowed?",transfer_into_account,transfer_into_account,transfer_into_account,transfer_into_account
Which type of card will I receive?,visa_or_mastercard,visa_or_mastercard,visa_or_mastercard,visa_or_mastercard
What steps do I need to take to exchange currencies?,exchange_via_app,exchange_via_app,exchange_via_app,exchange_via_app
Can I use my Apple Watch to pay for gas?,apple_pay_or_google_pay,apple_pay_or_google_pay,apple_pay_or_google_pay,apple_pay_or_google_pay
I'm getting an error when trying to make a payment. I want to purchase a flat but my mortgage payment needs to go through. Can you help me?,failed_transfer,failed_transfer,failed_transfer,failed_transfer
Where do I get a disposable card,get_disposable_virtual_card,disposable_card_limits,disposable_card_limits,disposable_card_limits
What US cards do you accept?  I only have 1 other.,supported_cards_and_currencies,supported_cards_and_currencies,supported_cards_and_currencies,supported_cards_and_currencies
Why wouldn't my contactless work for the metro?,contactless_not_working,contactless_not_working,contactless_not_working,contactless_not_working
"Please help! I was looking at my account and saw a transaction with a seller I don't remember. Is it possible for you to track the sale, because I really don't think I made a payment to them.",direct_debit_payment_not_recognised,cancel_transfer,cancel_transfer,cancel_transfer
I would like to pay by cheque.,top_up_by_cash_or_cheque,top_up_by_cash_or_cheque,top_up_by_cash_or_cheque,top_up_by_cash_or_cheque
Why does a cash withdrawal show as pending?,pending_cash_withdrawal,pending_cash_withdrawal,pending_cash_withdrawal,pending_cash_withdrawal
What is the most that I can top-up to a card?,top_up_limits,top_up_limits,top_up_limits,top_up_limits
"If I get a transfer from Europe, how long until it is in my account?",transfer_timing,transfer_timing,transfer_timing,transfer_timing
Why is it taking so long to update my balance transfer?,balance_not_updated_after_bank_transfer,balance_not_updated_after_bank_transfer,balance_not_updated_after_bank_transfer,balance_not_updated_after_bank_transfer
Help!  I think my phone may be stolen or lost!,lost_or_stolen_phone,lost_or_stolen_phone,lost_or_stolen_phone,lost_or_stolen_phone
My card is due to expire,card_about_to_expire,card_about_to_expire,card_about_to_expire,card_about_to_expire
I want to transfer money from another account into this one.,transfer_into_account,transfer_into_account,transfer_into_account,transfer_into_account
Can I stop a transaction?,cancel_transfer,cancel_transfer,cancel_transfer,cancel_transfer
When will my card be here?,card_delivery_estimate,card_delivery_estimate,card_delivery_estimate,card_delivery_estimate
How would I go about getting a physical card to use in stores?,order_physical_card,order_physical_card,order_physical_card,order_physical_card
Seems like my top-up has not gone through,pending_top_up,pending_top_up,pending_top_up,pending_top_up
I did not make a direct debit payment as listed on my app,direct_debit_payment_not_recognised,direct_debit_payment_not_recognised,direct_debit_payment_not_recognised,direct_debit_payment_not_recognised
What are the requirements to open an account for a minor?,age_limit,age_limit,age_limit,age_limit
When can I expect delivery?,card_delivery_estimate,card_delivery_estimate,card_delivery_estimate,card_delivery_estimate
Can I use this app for any currency?,supported_cards_and_currencies,exchange_via_app,exchange_via_app,exchange_via_app
What is the expected delivery date for my card?,card_arrival,card_arrival,card_arrival,card_arrival
How can I unblock my PIN?,pin_blocked,pin_blocked,pin_blocked,pin_blocked
how do I link an old card?,card_linking,card_linking,card_linking,card_linking
Can you show me how to verify the top-up card?,verify_top_up,verify_top_up,verify_top_up,verify_top_up
I did not get the cash that is showing up in my app.,cash_withdrawal_not_recognised,cash_withdrawal_not_recognised,cash_withdrawal_not_recognised,cash_withdrawal_not_recognised
"I need to refund my item, can you please help?",request_refund,request_refund,request_refund,request_refund
I think someone else is using my card.,compromised_card,compromised_card,compromised_card,compromised_card
I was wondering if you will take any fees in exchange for top ups?,top_up_by_card_charge,top_up_by_card_charge,top_up_by_card_charge,top_up_by_card_charge
Can friends send me money?,receiving_money,receiving_money,receiving_money,receiving_money
do i need to wait for my card before i get pin,get_physical_card,get_physical_card,get_physical_card,get_physical_card
How can I activate my new card?,activate_my_card,activate_my_card,activate_my_card,activate_my_card
I have been trying unsuccessfully to top-up my card.  Is the system down or not working properly?,top_up_failed,top_up_failed,top_up_failed,top_up_failed
Why was I charged a fee when making this transfer when I shouldn't have been?,transfer_fee_charged,card_payment_fee_charged,card_payment_fee_charged,card_payment_fee_charged
Is it normal to be charged an extra fee when paying with my card?,card_payment_fee_charged,card_payment_fee_charged,card_payment_fee_charged,card_payment_fee_charged
If I top-up by using a trasfer are there charges that applied?,top_up_by_bank_transfer_charge,top_up_by_card_charge,top_up_by_card_charge,top_up_by_card_charge
How can I get my PIN unblocked?,pin_blocked,pin_blocked,pin_blocked,pin_blocked
I wish to remove my account.,terminate_account,terminate_account,terminate_account,terminate_account
Will I receive a new card when mine expires?,card_about_to_expire,card_about_to_expire,card_about_to_expire,card_about_to_expire
"The other bank confirmed a transfer I made, but this account is not reflecting it yet.",balance_not_updated_after_bank_transfer,balance_not_updated_after_bank_transfer,balance_not_updated_after_bank_transfer,balance_not_updated_after_bank_transfer
Why hasn't my transfer gone through,failed_transfer,failed_transfer,failed_transfer,failed_transfer
Is there a disposable virtual card option?,get_disposable_virtual_card,get_disposable_virtual_card,get_disposable_virtual_card,get_disposable_virtual_card
What do I do if the ATM swallowed my card?,card_swallowed,card_swallowed,card_swallowed,card_swallowed
Why isn't this accepting my identity?,unable_to_verify_identity,why_verify_identity,why_verify_identity,unable_to_verify_identity
I see a direct debit transaction in the app that is not mine,direct_debit_payment_not_recognised,direct_debit_payment_not_recognised,direct_debit_payment_not_recognised,direct_debit_payment_not_recognised
"My card arrived but I need to make it work in the app, how do I do that?",card_linking,card_linking,card_linking,card_linking
What's up with the extra fee I got?,cash_withdrawal_charge,card_payment_fee_charged,card_payment_fee_charged,card_payment_fee_charged
What does it mean when it says I have a payment pending?,pending_card_payment,pending_card_payment,pending_card_payment,pending_card_payment
What  is the verification process for a top up card?,verify_top_up,verify_top_up,verify_top_up,verify_top_up
How can I get my card to work?,card_not_working,card_not_working,card_not_working,card_not_working
It is common for an international transfer to take 2 days or longer? I made a transfer from France 2 days ago and I have not seen it yet.,balance_not_updated_after_bank_transfer,balance_not_updated_after_bank_transfer,balance_not_updated_after_bank_transfer,balance_not_updated_after_bank_transfer
I added funds to my account but the app didn't process it.,top_up_failed,top_up_failed,top_up_failed,top_up_failed
i need to know about exchange rates,exchange_rate,exchange_rate,exchange_rate,exchange_rate
do you offer refunds? i would like to return purchase.,request_refund,request_refund,request_refund,request_refund
I would like it if I could get an item refunded,request_refund,request_refund,request_refund,request_refund
What are these disposable cards meant for?,get_disposable_virtual_card,disposable_card_limits,disposable_card_limits,get_disposable_virtual_card
Is it possible for me to set up separate accounts for my kids?,age_limit,age_limit,age_limit,age_limit
Why doesn't my passcode work?,passcode_forgotten,passcode_forgotten,passcode_forgotten,passcode_forgotten
How can I transfer money using my credit card?,topping_up_by_card,topping_up_by_card,topping_up_by_card,topping_up_by_card
what are your exchange rates at?,exchange_rate,exchange_rate,exchange_rate,exchange_rate
The exchange rate for my payment last Saturday must be wrong because I was charged extra.,card_payment_wrong_exchange_rate,card_payment_wrong_exchange_rate,card_payment_wrong_exchange_rate,card_payment_wrong_exchange_rate
Why has my payment not transferred?,failed_transfer,reverted_card_payment?,reverted_card_payment?,reverted_card_payment?
There is a transaction showing in my app that I did not make as I have not used that card all day.  Please reimburse this amount to my account.,direct_debit_payment_not_recognised,cash_withdrawal_not_recognised,cash_withdrawal_not_recognised,cash_withdrawal_not_recognised
Why hasn't my transfer from Europe gone through?,transfer_timing,transfer_timing,transfer_timing,transfer_timing
How much does each transfer cost?,top_up_by_bank_transfer_charge,top_up_by_bank_transfer_charge,top_up_by_bank_transfer_charge,top_up_by_bank_transfer_charge
I tried to make a payment with my card and it was declined. Why is it pending?,pending_card_payment,declined_card_payment,declined_card_payment,declined_card_payment
Why can't I use my beneficiary?,beneficiary_not_allowed,beneficiary_not_allowed,beneficiary_not_allowed,beneficiary_not_allowed
Why was I charged twice?,transaction_charged_twice,transaction_charged_twice,transaction_charged_twice,transaction_charged_twice
can you assist me in activating my card?,activate_my_card,activate_my_card,activate_my_card,activate_my_card
Where can I find the exchange rate for my transfer?,exchange_rate,card_payment_wrong_exchange_rate,card_payment_wrong_exchange_rate,card_payment_wrong_exchange_rate
Can I use any card and currency?,supported_cards_and_currencies,card_acceptance,supported_cards_and_currencies,card_acceptance
I want to deposit my check to top up my account,top_up_by_cash_or_cheque,top_up_by_cash_or_cheque,top_up_by_cash_or_cheque,top_up_by_cash_or_cheque
"I have an issue. I bought something within the past one to two weeks and have received one of the products; however, today the total was returned to my account. What's going on here?",reverted_card_payment?,reverted_card_payment?,reverted_card_payment?,reverted_card_payment?
My salary is deposited in GBP. Do I need to choose the currency?,receiving_money,receiving_money,receiving_money,receiving_money
Is there a reason a payment is showing complete on my side but the person who is receiving it has not gotten it?,transfer_not_received_by_recipient,transfer_not_received_by_recipient,transfer_not_received_by_recipient,transfer_not_received_by_recipient
What is the exchange fee that is charged?,exchange_charge,exchange_charge,exchange_charge,exchange_charge
Which fiat currencies can I use through this app?,fiat_currency_support,fiat_currency_support,fiat_currency_support,fiat_currency_support
How long will it take to transfer from europe?,transfer_timing,transfer_timing,transfer_timing,transfer_timing
Why is my transaction taking so long to complete?,transfer_not_received_by_recipient,transfer_not_received_by_recipient,transfer_not_received_by_recipient,transfer_not_received_by_recipient
"I'm trying to move money from my account to elsewhere, but it's giving me an error message.",declined_transfer,beneficiary_not_allowed,beneficiary_not_allowed,beneficiary_not_allowed
I tried to use my card to withdrawal money from the ATM in Notting Hill but it didn't work. This is the first time I've tried using it. Is my card working?,declined_cash_withdrawal,declined_cash_withdrawal,declined_cash_withdrawal,declined_cash_withdrawal
"My card is going to expire, what do I do?",card_about_to_expire,card_about_to_expire,card_about_to_expire,card_about_to_expire
How long will my cash withdrawal take,pending_cash_withdrawal,pending_cash_withdrawal,pending_cash_withdrawal,pending_cash_withdrawal
Payment I did not make.,card_payment_not_recognised,card_payment_not_recognised,card_payment_not_recognised,card_payment_not_recognised
i tried to transfer cryptocurrency into my account but was denied,beneficiary_not_allowed,transfer_into_account,transfer_into_account,beneficiary_not_allowed
Someone else made a Direct Debit transaction on my account,direct_debit_payment_not_recognised,direct_debit_payment_not_recognised,direct_debit_payment_not_recognised,direct_debit_payment_not_recognised
Can I get money in my home currency at an ATM? I'm on vacation and don't have cash with me. This is cause for a bit of concern. Is it possible to withdraw here without additional cost?,wrong_exchange_rate_for_cash_withdrawal,wrong_exchange_rate_for_cash_withdrawal,wrong_exchange_rate_for_cash_withdrawal,wrong_exchange_rate_for_cash_withdrawal
Where do I find a virtual card?,getting_virtual_card,getting_virtual_card,getting_virtual_card,getting_virtual_card
I'm a new customer and tried topping up today for the first time. It's still pending and doesn't seem to be working. I need to get this fixed.,pending_top_up,pending_top_up,pending_top_up,pending_top_up
Is there anywhere  In the  Eu  this card can not be delivered in,country_support,country_support,country_support,country_support
This fee shouldn't be there after I paid with a card.,card_payment_fee_charged,card_payment_fee_charged,card_payment_fee_charged,card_payment_fee_charged
"my identity hasn't been verified and i can't edit my details, what's next",edit_personal_details,edit_personal_details,edit_personal_details,edit_personal_details
I am unable to get cash from the ATM,declined_cash_withdrawal,declined_cash_withdrawal,declined_cash_withdrawal,declined_cash_withdrawal
When will the money reach my  account?,transfer_timing,transfer_timing,transfer_timing,transfer_timing
"I want to activate my card, how do I do it?",activate_my_card,activate_my_card,activate_my_card,activate_my_card
"Hello, I believe there has been a mistake made on the exchange rate for my card. Could you please check the official interbank exchange rate for me?",card_payment_wrong_exchange_rate,card_payment_wrong_exchange_rate,card_payment_wrong_exchange_rate,card_payment_wrong_exchange_rate
Where do you get those exchange rates?,exchange_rate,exchange_rate,exchange_rate,exchange_rate
I need to transfer to my account and cant.,beneficiary_not_allowed,beneficiary_not_allowed,beneficiary_not_allowed,beneficiary_not_allowed
The ATM ate my card; how do I get a new one?,card_swallowed,card_swallowed,card_swallowed,card_swallowed
What retailers accept my card?,card_acceptance,card_acceptance,card_acceptance,card_acceptance
Can I purchase with cash or cheque?,top_up_by_cash_or_cheque,top_up_by_cash_or_cheque,top_up_by_cash_or_cheque,top_up_by_cash_or_cheque
I won't be pleased unless I get a Mastercard.,visa_or_mastercard,visa_or_mastercard,visa_or_mastercard,visa_or_mastercard
When will my virtual card arrive?,getting_virtual_card,getting_virtual_card,getting_virtual_card,getting_virtual_card
My order needs to be canceled.,request_refund,cancel_transfer,cancel_transfer,cancel_transfer
An extra pound was charged!,extra_charge_on_statement,extra_charge_on_statement,extra_charge_on_statement,extra_charge_on_statement
Where do I go to add a new card?,card_linking,card_linking,card_linking,card_linking
I have a new card and need to activate it,activate_my_card,activate_my_card,activate_my_card,activate_my_card
Why is my transfer pending?,pending_transfer,pending_transfer,pending_transfer,pending_transfer
Are there only certain ATM machines where I can use this card?,atm_support,atm_support,atm_support,atm_support
Whats the reason for my payment being declined? It looked like everything went through ok and my account was good.,declined_card_payment,declined_card_payment,declined_card_payment,declined_card_payment
Where's the money from my transfer from Europe?,transfer_timing,transfer_timing,transfer_timing,transfer_timing
There is a payment on my card that I do not recognize.  I've never seen the name on the transaction before.,card_payment_not_recognised,card_payment_not_recognised,card_payment_not_recognised,card_payment_not_recognised
When do I set up my card PIN?,get_physical_card,get_physical_card,get_physical_card,get_physical_card
Is there something that I can do since my phone was stolen yesterday?,lost_or_stolen_phone,lost_or_stolen_phone,lost_or_stolen_phone,lost_or_stolen_phone
"I need assistance finding out why I am unable to top-up my card, it keeps getting refused.  It is extremely imperative I get this resolved quickly.",top_up_failed,top_up_failed,top_up_failed,top_up_failed
I'm due a refund and it is not on my statement.,Refund_not_showing_up,Refund_not_showing_up,Refund_not_showing_up,Refund_not_showing_up
Should I be seeing a fee applied for my money transfer?,transfer_fee_charged,transfer_fee_charged,transfer_fee_charged,transfer_fee_charged
Can I use the app without my phone?,lost_or_stolen_phone,lost_or_stolen_phone,lost_or_stolen_phone,lost_or_stolen_phone
Why does my identity need to be verified?,why_verify_identity,unable_to_verify_identity,unable_to_verify_identity,unable_to_verify_identity
I did all that was asked of me and I am rather frustrated. I don't understand why you just won't credit me my money back. I have contacted the seller and nothing has been done. It's been a week!,Refund_not_showing_up,reverted_card_payment?,reverted_card_payment?,reverted_card_payment?
What do I do to activate my new card?,activate_my_card,activate_my_card,activate_my_card,activate_my_card
I couldn't transfer money to a beneficiery,beneficiary_not_allowed,beneficiary_not_allowed,beneficiary_not_allowed,beneficiary_not_allowed
Can I use check to deposit?,top_up_by_cash_or_cheque,top_up_by_cash_or_cheque,top_up_by_cash_or_cheque,top_up_by_cash_or_cheque
Is topping up with cash allowed?,top_up_by_cash_or_cheque,top_up_by_cash_or_cheque,top_up_by_cash_or_cheque,top_up_by_cash_or_cheque
"Please, I need your help as to whether or not you have money for a large refunded purchase I made. I requested it some time ago from the seller, but nothing is showing up.",Refund_not_showing_up,Refund_not_showing_up,Refund_not_showing_up,Refund_not_showing_up
Can I make transfers before my identity verification?,why_verify_identity,why_verify_identity,why_verify_identity,why_verify_identity
Why isn't my balance updating?  I did a bank transfer and it isn't current.,balance_not_updated_after_bank_transfer,balance_not_updated_after_bank_transfer,balance_not_updated_after_bank_transfer,balance_not_updated_after_bank_transfer
I need a number of disposable cards everyday.,disposable_card_limits,disposable_card_limits,disposable_card_limits,disposable_card_limits
how much does it cost to add money,top_up_by_card_charge,top_up_by_card_charge,top_up_by_card_charge,top_up_by_card_charge
Can you tell me why my transfer is failing and help resolve?,failed_transfer,failed_transfer,failed_transfer,failed_transfer
My app says I withdraw funds from my account through an ATM.,cash_withdrawal_not_recognised,cash_withdrawal_not_recognised,cash_withdrawal_not_recognised,cash_withdrawal_not_recognised
It says the transfer wasn't accepted.,declined_transfer,pending_transfer,pending_transfer,pending_transfer
Some cash I didn't get shows in my app,cash_withdrawal_not_recognised,cash_withdrawal_not_recognised,cash_withdrawal_not_recognised,cash_withdrawal_not_recognised
Can you tell me more info about virtual disposable cards?,get_disposable_virtual_card,get_disposable_virtual_card,disposable_card_limits,get_disposable_virtual_card
What exchange rates do you use?,exchange_rate,exchange_rate,exchange_rate,exchange_rate
Im trying to top up my card but it's still pending and it's been an hour. Is there any way to make it go through faster? Do I not have enough?,pending_top_up,pending_top_up,pending_top_up,pending_top_up
Are you sure this is the interbank exchange rate? This rate is really bad.,card_payment_wrong_exchange_rate,card_payment_wrong_exchange_rate,card_payment_wrong_exchange_rate,card_payment_wrong_exchange_rate
What is the formula for your exchange rate?,exchange_rate,exchange_rate,exchange_rate,exchange_rate
Why was a payment I made reverted?,reverted_card_payment?,reverted_card_payment?,reverted_card_payment?,reverted_card_payment?
How do I know which countries you provide service in?,country_support,country_support,country_support,country_support
This exchange rate you use is awful! Please tell me this is a mistake and not the official interbank exchange rate!,card_payment_wrong_exchange_rate,card_payment_wrong_exchange_rate,card_payment_wrong_exchange_rate,card_payment_wrong_exchange_rate
Why is my cash withdrawal pending?,pending_cash_withdrawal,pending_cash_withdrawal,pending_cash_withdrawal,pending_cash_withdrawal
I'm still waiting for a money transfer to show.,pending_transfer,pending_transfer,pending_transfer,pending_transfer
Can I use cash to top up,top_up_by_cash_or_cheque,top_up_by_cash_or_cheque,top_up_by_cash_or_cheque,top_up_by_cash_or_cheque
Can I have a tangible form of my virtual card.,order_physical_card,getting_virtual_card,getting_virtual_card,getting_virtual_card
I lost my phone.  What do I do to block someone else from using my account?,lost_or_stolen_phone,lost_or_stolen_phone,lost_or_stolen_phone,lost_or_stolen_phone
I'd like to make some changes to my personal information.,edit_personal_details,edit_personal_details,edit_personal_details,edit_personal_details
Why am I being charged to transfer funds?,transfer_fee_charged,transfer_fee_charged,transfer_fee_charged,transfer_fee_charged
I tried to charge my card but it was declined. A couple days ago I was able to charge it and it was accepted. Is something wrong? Will you double check for me please?,top_up_failed,declined_cash_withdrawal,declined_cash_withdrawal,declined_cash_withdrawal
"I'm not happy, I want to close my account.",terminate_account,terminate_account,terminate_account,terminate_account
What needs to be provided for identity verification?,verify_my_identity,verify_my_identity,verify_my_identity,verify_my_identity
"I tempted to get some money out of the machine earlier and it did not work.Looking now, the transaction actually shows to still be in progress. I would certainly appreciate someone look into this and let me know what's going on. I definitely do not want to be charged for money I never received.",pending_cash_withdrawal,pending_cash_withdrawal,pending_cash_withdrawal,pending_cash_withdrawal
I cannot make a transfer to another account.,beneficiary_not_allowed,beneficiary_not_allowed,beneficiary_not_allowed,beneficiary_not_allowed
Can both Visa and Mastercard be chosen?,visa_or_mastercard,visa_or_mastercard,visa_or_mastercard,visa_or_mastercard
Can I set up to my account to automatically top up?,automatic_top_up,automatic_top_up,automatic_top_up,automatic_top_up
Are bank transfers immediate?,balance_not_updated_after_bank_transfer,transfer_into_account,transfer_into_account,transfer_into_account
I am unsuccessfully trying to make a transfer can you help?,failed_transfer,failed_transfer,failed_transfer,failed_transfer
I can't see my top up in my wallet!,topping_up_by_card,topping_up_by_card,topping_up_by_card,topping_up_by_card
I want to activate my new card.,activate_my_card,activate_my_card,activate_my_card,activate_my_card
How can I go about transferring money to my account?,transfer_into_account,transfer_into_account,transfer_into_account,transfer_into_account
Why didn't my transfer get to the recipient?,transfer_not_received_by_recipient,failed_transfer,failed_transfer,transfer_not_received_by_recipient
when i travel can it top up automatically,automatic_top_up,automatic_top_up,automatic_top_up,automatic_top_up
"Disaster, I've totally forgotten my passcode, can you help me?",passcode_forgotten,passcode_forgotten,passcode_forgotten,passcode_forgotten
What cards and currencies can I use to top up my account?,supported_cards_and_currencies,supported_cards_and_currencies,supported_cards_and_currencies,supported_cards_and_currencies
I got married and need to change my name.,edit_personal_details,edit_personal_details,edit_personal_details,edit_personal_details
"I just took some cash out of a cash machine in Heathrow airport because I wanted to buy some new sunglasses for my holiday but you've added a fee to the withdrawal, what is this?",cash_withdrawal_charge,cash_withdrawal_charge,cash_withdrawal_charge,cash_withdrawal_charge
How do I edit my personal details?,edit_personal_details,edit_personal_details,edit_personal_details,edit_personal_details
Why was there a fee when I pulled cash?,cash_withdrawal_charge,cash_withdrawal_charge,cash_withdrawal_charge,cash_withdrawal_charge
How much would it cost me for a bank transfer to top up my account?,top_up_by_bank_transfer_charge,top_up_by_bank_transfer_charge,top_up_by_bank_transfer_charge,top_up_by_bank_transfer_charge
I've been charged an extra £1 and I don't know what it's for,extra_charge_on_statement,extra_charge_on_statement,extra_charge_on_statement,extra_charge_on_statement
Can I edit my details?,edit_personal_details,edit_personal_details,edit_personal_details,edit_personal_details
"I have my residency in the US, but I would love to get a card.",country_support,country_support,country_support,country_support
Can I change my pin number at a cash machine?,change_pin,change_pin,change_pin,change_pin
Is there a way to see where my money originally came from?,verify_source_of_funds,verify_source_of_funds,verify_source_of_funds,verify_source_of_funds
Is there a fee for topping up by charge card?,top_up_by_card_charge,top_up_by_card_charge,top_up_by_card_charge,top_up_by_card_charge
Can it add money every so often automatically while I travel?,automatic_top_up,automatic_top_up,automatic_top_up,automatic_top_up
Explain why I can't do a transfer to an account.,beneficiary_not_allowed,beneficiary_not_allowed,beneficiary_not_allowed,beneficiary_not_allowed
My card must have used my card as there are some transactions that I haven't done myself..,compromised_card,compromised_card,compromised_card,compromised_card
I am not receiving the correct exchange rate on my card.,card_payment_wrong_exchange_rate,card_payment_wrong_exchange_rate,card_payment_wrong_exchange_rate,card_payment_wrong_exchange_rate
Has my card been lost in delivery?,card_arrival,lost_or_stolen_card,lost_or_stolen_card,lost_or_stolen_card
I was needing you to see if the exchange rate is correct from when i got cash,wrong_exchange_rate_for_cash_withdrawal,wrong_exchange_rate_for_cash_withdrawal,wrong_exchange_rate_for_cash_withdrawal,wrong_exchange_rate_for_cash_withdrawal
What's the limit for disposable virtual cards?,disposable_card_limits,get_disposable_virtual_card,get_disposable_virtual_card,get_disposable_virtual_card
I require verification of my source of funds.,verify_source_of_funds,verify_source_of_funds,verify_source_of_funds,verify_source_of_funds
I didn't get the right amount of  cash because of the exchange rate.,wrong_exchange_rate_for_cash_withdrawal,wrong_amount_of_cash_received,wrong_amount_of_cash_received,wrong_exchange_rate_for_cash_withdrawal
What happened to my cash deposit?,balance_not_updated_after_cheque_or_cash_deposit,balance_not_updated_after_cheque_or_cash_deposit,balance_not_updated_after_cheque_or_cash_deposit,balance_not_updated_after_cheque_or_cash_deposit
Is there any limits I should know about if I'm going to use a disposable virtual card?,disposable_card_limits,get_disposable_virtual_card,get_disposable_virtual_card,get_disposable_virtual_card
I need more assistance with how to activate my card.,activate_my_card,activate_my_card,activate_my_card,activate_my_card
Please help me change my PIN.,change_pin,change_pin,change_pin,change_pin
"I attempted to top up my car today, it failed! I just got it a couple of days before and it worked then. What is going on with it?",top_up_failed,top_up_failed,top_up_failed,top_up_failed
Is there always a charge when withdrawing money?,cash_withdrawal_charge,cash_withdrawal_charge,cash_withdrawal_charge,cash_withdrawal_charge
I cannot tell what my top up currently is.,topping_up_by_card,top_up_reverted,top_up_reverted,top_up_reverted
Where do I look for cash top up?,top_up_by_cash_or_cheque,top_up_by_cash_or_cheque,top_up_by_cash_or_cheque,top_up_by_cash_or_cheque
Guide me on how to unblock my PIN,pin_blocked,pin_blocked,pin_blocked,pin_blocked
I think somebody made an unauthorized copy of my card.  My account has a cash withdrawal for 500£ that I did not make.  Please help.,cash_withdrawal_not_recognised,cash_withdrawal_not_recognised,cash_withdrawal_not_recognised,cash_withdrawal_not_recognised
What does the €1 fee mean?,extra_charge_on_statement,transfer_fee_charged,transfer_fee_charged,transfer_fee_charged
Can you tell me what I need for identity validation?,verify_my_identity,verify_my_identity,verify_my_identity,verify_my_identity
how soon will my card arrive?,card_delivery_estimate,card_delivery_estimate,card_delivery_estimate,card_delivery_estimate
I made a bank transfer but it doesn't seem to have gone through?,balance_not_updated_after_bank_transfer,balance_not_updated_after_bank_transfer,balance_not_updated_after_bank_transfer,balance_not_updated_after_bank_transfer
Why does my statement show a $1 charge on my account?,extra_charge_on_statement,extra_charge_on_statement,extra_charge_on_statement,extra_charge_on_statement
"Help, I don't see my money i just added.",pending_top_up,balance_not_updated_after_bank_transfer,balance_not_updated_after_bank_transfer,balance_not_updated_after_bank_transfer
Are there any restrictions for the disposable cards that I need to be aware of?,disposable_card_limits,disposable_card_limits,disposable_card_limits,disposable_card_limits
Why aren't my payment funds available to me?,pending_card_payment,reverted_card_payment?,reverted_card_payment?,reverted_card_payment?
"My card has been pending for a while, what should I do?",pending_card_payment,compromised_card,pending_card_payment,lost_or_stolen_card
I am paid by my employer in GBP; do I need to do anything in the app to indicate this?,receiving_money,receiving_money,receiving_money,receiving_money
I see I was charged $1 for a transaction.,extra_charge_on_statement,transaction_charged_twice,transaction_charged_twice,transaction_charged_twice
I am not satisfied with your service.  Close my account.,terminate_account,terminate_account,terminate_account,terminate_account
Why did my payment go back to my account when I bought something?,reverted_card_payment?,reverted_card_payment?,reverted_card_payment?,reverted_card_payment?
I was issued a new card a week ago but still haven't received it. How long will it be until I receive it?,card_arrival,card_arrival,card_arrival,card_arrival
I'm confused as to why my top-up did not go through.,top_up_failed,pending_top_up,pending_top_up,pending_top_up
Why do you need so much information about me,why_verify_identity,why_verify_identity,why_verify_identity,why_verify_identity
Does this app have the same exchange rate as third parties?,exchange_rate,exchange_rate,card_payment_wrong_exchange_rate,exchange_rate
Whats the maximum number of disposable cards that I can get?,disposable_card_limits,disposable_card_limits,disposable_card_limits,disposable_card_limits
How do I know what the exchange rate will be when I make an exchange.,exchange_rate,exchange_rate,exchange_rate,exchange_rate
I didn't withdraw the amount of cash that is showing up in the app.,cash_withdrawal_not_recognised,wrong_amount_of_cash_received,wrong_amount_of_cash_received,wrong_amount_of_cash_received
Can I get a Visa from you?,visa_or_mastercard,visa_or_mastercard,visa_or_mastercard,visa_or_mastercard
How can I get funds into my account from my American Express?,supported_cards_and_currencies,supported_cards_and_currencies,supported_cards_and_currencies,supported_cards_and_currencies
How can I find the source for my available funds and money?,verify_source_of_funds,verify_source_of_funds,verify_source_of_funds,verify_source_of_funds
Can you tell me where I can withdraw money?,atm_support,atm_support,atm_support,atm_support
Why hasn't payment gone through yet?,pending_card_payment,pending_card_payment,pending_card_payment,pending_card_payment
I need to know the process to transfer money into my account.,transfer_into_account,transfer_into_account,transfer_into_account,transfer_into_account
When did you send me my new card?,card_arrival,card_arrival,card_arrival,card_arrival
How do I get refills to my card when I'm traveling?,automatic_top_up,card_about_to_expire,card_about_to_expire,order_physical_card
My product hasn't arrived even though I ordered it a while ago. I want a refund!,request_refund,request_refund,request_refund,request_refund
Is there something wrong with my ATM Card?  Tried using it earlier and it did not work.,declined_cash_withdrawal,declined_cash_withdrawal,declined_cash_withdrawal,declined_cash_withdrawal
"Someone has a copy of my card !! I definitely still have it here but someone just made a 500£ cash withdrawal, HELP!",cash_withdrawal_not_recognised,cash_withdrawal_not_recognised,cash_withdrawal_not_recognised,cash_withdrawal_not_recognised
Am I able to use my account if the identity verification is not complete?,why_verify_identity,why_verify_identity,why_verify_identity,why_verify_identity
How long will it take to have my card mailed to me?,card_delivery_estimate,card_delivery_estimate,card_delivery_estimate,card_delivery_estimate
"I only have one more US credit card, is it accepted?",supported_cards_and_currencies,supported_cards_and_currencies,supported_cards_and_currencies,supported_cards_and_currencies
What are the steps for  making a transfer for topping up?,transfer_into_account,top_up_by_bank_transfer_charge,top_up_by_card_charge,top_up_by_bank_transfer_charge
"I have been charged to much for the object I bought when abroad, the exchange rate seems to be wrong.",card_payment_wrong_exchange_rate,card_payment_wrong_exchange_rate,card_payment_wrong_exchange_rate,card_payment_wrong_exchange_rate
How long does it take to get money from Europe?,transfer_timing,transfer_timing,transfer_timing,transfer_timing
I have not received the completed transaction.,transfer_not_received_by_recipient,transfer_not_received_by_recipient,transfer_not_received_by_recipient,transfer_not_received_by_recipient
Why was I charged an additional fee when paying with card?,card_payment_fee_charged,card_payment_fee_charged,card_payment_fee_charged,card_payment_fee_charged
Where can I modify my details?,edit_personal_details,edit_personal_details,edit_personal_details,edit_personal_details
I'm dissatisfied with the service and would like to terminate the account.,terminate_account,terminate_account,terminate_account,terminate_account
Please explain the exchange rates.,exchange_rate,exchange_rate,exchange_rate,exchange_rate
"I thought I can make transfers for free, this is not fair. I bought something online from abroad and there was some weird additional fee that I've never seen before?",transfer_fee_charged,transfer_fee_charged,transfer_fee_charged,transfer_fee_charged
How does your app transfer the money,transfer_into_account,transfer_not_received_by_recipient,transfer_not_received_by_recipient,transfer_not_received_by_recipient
I tried pulling out money at the ATM and it gave me an incorrect amount back.,wrong_amount_of_cash_received,wrong_amount_of_cash_received,wrong_amount_of_cash_received,wrong_amount_of_cash_received
My thoughts were that you offered crypto top up which does not seem to be working. The money has now been taken from my account. What is the problem here?,top_up_reverted,top_up_reverted,top_up_reverted,top_up_reverted
I think my top-up has failed.,top_up_failed,top_up_failed,top_up_failed,top_up_failed
MY transfer has still not appeared.,balance_not_updated_after_bank_transfer,pending_transfer,pending_transfer,pending_transfer
what steps do i do to get a real card,order_physical_card,order_physical_card,order_physical_card,order_physical_card
How can I revert a transaction from this morning?,cancel_transfer,cancel_transfer,cancel_transfer,cancel_transfer
How do I troubleshoot my contactless?,contactless_not_working,contactless_not_working,contactless_not_working,contactless_not_working
A payment in my account was made by someone I don't know,card_payment_not_recognised,card_payment_not_recognised,card_payment_not_recognised,card_payment_not_recognised
is there something blocking me from making transfers,beneficiary_not_allowed,top_up_by_bank_transfer_charge,top_up_by_bank_transfer_charge,top_up_by_bank_transfer_charge
Do you offer cards for those in other countries?,country_support,country_support,country_support,country_support
I was made to pay a fee for making a transaction with card.,card_payment_fee_charged,card_payment_fee_charged,card_payment_fee_charged,card_payment_fee_charged
I made a cash deposit to my account but i don't see it,balance_not_updated_after_cheque_or_cash_deposit,balance_not_updated_after_cheque_or_cash_deposit,balance_not_updated_after_cheque_or_cash_deposit,balance_not_updated_after_cheque_or_cash_deposit
I must make several disposable cards every day.,disposable_card_limits,disposable_card_limits,disposable_card_limits,disposable_card_limits
There is a payment showing on my app that I didn't do. Will you please cancel this payment and refund my money ?,direct_debit_payment_not_recognised,card_payment_not_recognised,card_payment_not_recognised,card_payment_not_recognised
This transfer incurred a fee that I don't think is right.,transfer_fee_charged,transfer_fee_charged,transfer_fee_charged,transfer_fee_charged
I made a cash withdrawal and was charged a fee incorrectly can you help with this?,cash_withdrawal_charge,cash_withdrawal_charge,cash_withdrawal_charge,cash_withdrawal_charge
"My top-up was supposed to be done, but now the money is gone! Is there a glitch in your system?",top_up_reverted,top_up_reverted,top_up_reverted,top_up_reverted
How long until my card will get here?,card_delivery_estimate,card_delivery_estimate,card_delivery_estimate,card_delivery_estimate
Is there any way for you to find my card?,lost_or_stolen_card,card_arrival,card_arrival,card_arrival
Please help me unblock my pin which I put the wrong one too many times.,pin_blocked,pin_blocked,pin_blocked,pin_blocked
How do I fix a broken card?,card_not_working,card_not_working,card_not_working,card_not_working
Why is there an extra charge on my statement.,extra_charge_on_statement,extra_charge_on_statement,extra_charge_on_statement,extra_charge_on_statement
i have been trying to top up my account with a check but it won't work,top_up_by_cash_or_cheque,top_up_failed,top_up_failed,top_up_failed
How's the exchange rate looking right now?,exchange_rate,exchange_rate,exchange_rate,exchange_rate
How do you top-up using cash?,top_up_by_cash_or_cheque,top_up_by_cash_or_cheque,top_up_by_cash_or_cheque,top_up_by_cash_or_cheque
I think the rate that was applied to my purchase using foreign currency is wrong. Help!,card_payment_wrong_exchange_rate,card_payment_wrong_exchange_rate,card_payment_wrong_exchange_rate,card_payment_wrong_exchange_rate
I just had a look at my statement. Why have I been changed for using the ATM?,cash_withdrawal_charge,declined_cash_withdrawal,declined_cash_withdrawal,declined_cash_withdrawal
What's my pin number?,get_physical_card,pin_blocked,pin_blocked,pin_blocked
Are there topping up fees if I have to transfer?,top_up_by_bank_transfer_charge,top_up_by_card_charge,top_up_by_card_charge,top_up_by_card_charge
Why do you guys need to verify my identity?,why_verify_identity,why_verify_identity,why_verify_identity,why_verify_identity
I made a payment with my card and it hasn't changed. How long do you think this will take?,pending_card_payment,pending_card_payment,pending_card_payment,pending_card_payment
How can I receive my salary with a different currency?,receiving_money,receiving_money,receiving_money,receiving_money
I received a different amount of cash than what I entered.,wrong_amount_of_cash_received,wrong_amount_of_cash_received,wrong_amount_of_cash_received,wrong_amount_of_cash_received
Help Me!  I lost my card.  What should I do?,lost_or_stolen_card,lost_or_stolen_card,lost_or_stolen_card,lost_or_stolen_card
My card payment was cancelled.  Why?,reverted_card_payment?,reverted_card_payment?,reverted_card_payment?,reverted_card_payment?
Do you ship your cards anywhere?,order_physical_card,country_support,country_support,order_physical_card
How can I link my bank to my top up account?,transfer_into_account,transfer_into_account,top_up_reverted,transfer_into_account
Someone stole my wallet a couple of hours ago now and they have taken money from my account. Is there any way that you can help so I won't lose any more of my money.,cash_withdrawal_not_recognised,cash_withdrawal_not_recognised,cash_withdrawal_not_recognised,cash_withdrawal_not_recognised
Can someone please tell me how much I can top-up?,top_up_limits,top_up_limits,top_up_limits,top_up_limits
"I am getting an error stating my transfer is not possible while transferring money. Let me know the issue as its the first time i am getting error, earlier it used to work.",beneficiary_not_allowed,beneficiary_not_allowed,beneficiary_not_allowed,beneficiary_not_allowed
My product was faulty.,request_refund,request_refund,request_refund,request_refund
Help! I need to cancel a transaction.,cancel_transfer,cancel_transfer,cancel_transfer,cancel_transfer
My address is incorrect on my file.,edit_personal_details,edit_personal_details,edit_personal_details,edit_personal_details
Will be Apple Watch be able to let me top up?,apple_pay_or_google_pay,apple_pay_or_google_pay,apple_pay_or_google_pay,apple_pay_or_google_pay
"I need you to stop the transfer I just started as soon as possible, I just realized it's not correct!",cancel_transfer,cancel_transfer,cancel_transfer,cancel_transfer
Do you deliver the PIN separately?,get_physical_card,get_physical_card,get_physical_card,get_physical_card
Can I schedule future top ups?,automatic_top_up,top_up_limits,top_up_limits,top_up_limits
Which documents do I need for this identity check?,verify_my_identity,verify_my_identity,verify_my_identity,verify_my_identity
Is there an extra charge to exchange different currencies?,exchange_charge,exchange_charge,exchange_charge,exchange_charge
What do I do to get ahold of my own card?,order_physical_card,order_physical_card,order_physical_card,order_physical_card
I have made several unsuccessful attempts to make a transfer.  I'm getting frustrated at getting error messages and it not going through.,beneficiary_not_allowed,failed_transfer,failed_transfer,failed_transfer
I was overcharged an additional pound.,extra_charge_on_statement,extra_charge_on_statement,extra_charge_on_statement,extra_charge_on_statement
How can I cancel a transfer I made,cancel_transfer,cancel_transfer,cancel_transfer,cancel_transfer
I transferred some money to my mom 2 days ago and she has not received it. I double checked the information and it looks right. Can you help me?,transfer_not_received_by_recipient,transfer_not_received_by_recipient,transfer_not_received_by_recipient,transfer_not_received_by_recipient
Do I need to pay extra for exchanging currencies?,exchange_charge,exchange_charge,exchange_charge,exchange_charge
"A WD was just made on my account, but it was not me and I still have my card.  What to do?",cash_withdrawal_not_recognised,cash_withdrawal_not_recognised,cash_withdrawal_not_recognised,cash_withdrawal_not_recognised
Why am I charged a fee for withdrawing cash?,cash_withdrawal_charge,cash_withdrawal_charge,cash_withdrawal_charge,cash_withdrawal_charge
"I'd rather not use my physical card, how can I get a virtual card?",getting_virtual_card,getting_virtual_card,order_physical_card,getting_virtual_card
My card is missing.,lost_or_stolen_card,lost_or_stolen_card,lost_or_stolen_card,lost_or_stolen_card
I noticed that my card was charged more than once for one thing.,transaction_charged_twice,transaction_charged_twice,transaction_charged_twice,transaction_charged_twice
I think someone may be using my card.,compromised_card,compromised_card,compromised_card,compromised_card
Am I able to cancel a transfer I just made,cancel_transfer,cancel_transfer,cancel_transfer,cancel_transfer
How do I go about changing my PIN?,change_pin,pin_blocked,pin_blocked,change_pin
Do you support top ups?,top_up_reverted,supported_cards_and_currencies,top_up_limits,supported_cards_and_currencies
Why does a top- up need to be verify?,verify_top_up,verify_top_up,verify_top_up,verify_top_up
Can you tell me what currencies I can use to add money?,supported_cards_and_currencies,supported_cards_and_currencies,supported_cards_and_currencies,supported_cards_and_currencies
"I deposited some money, but the balance has not changed.",balance_not_updated_after_cheque_or_cash_deposit,balance_not_updated_after_cheque_or_cash_deposit,balance_not_updated_after_cheque_or_cash_deposit,balance_not_updated_after_cheque_or_cash_deposit
I want this fee reversed from my account.,request_refund,terminate_account,terminate_account,terminate_account
I'd like like to know where I can order a virtual card?,getting_virtual_card,getting_virtual_card,getting_virtual_card,getting_virtual_card
What age do you have to be?,age_limit,age_limit,age_limit,age_limit
My ATM transaction was cancelled.,declined_cash_withdrawal,declined_cash_withdrawal,declined_cash_withdrawal,declined_cash_withdrawal
I need to cancel my recent transfer quickly since I made a mistake. Please help before it goes through.,cancel_transfer,cancel_transfer,cancel_transfer,cancel_transfer
I am on vacation in Spain and need to change my pin.,change_pin,change_pin,change_pin,change_pin
I prefer to get a Mastercard.,visa_or_mastercard,visa_or_mastercard,visa_or_mastercard,visa_or_mastercard
The machine gave me the wrong amount of cash.,wrong_amount_of_cash_received,wrong_amount_of_cash_received,wrong_amount_of_cash_received,wrong_amount_of_cash_received
"Even though I added money ey to the card, I couldn't use it",pending_top_up,card_linking,card_linking,card_linking
I need to change a transfer.,cancel_transfer,edit_personal_details,edit_personal_details,edit_personal_details
What is the purpose for verifying my identity?,why_verify_identity,why_verify_identity,why_verify_identity,why_verify_identity
A withdrawal is showing that I don't recognize,cash_withdrawal_not_recognised,cash_withdrawal_not_recognised,cash_withdrawal_not_recognised,cash_withdrawal_not_recognised
I transferred some money but the balance stayed the same.,balance_not_updated_after_bank_transfer,balance_not_updated_after_bank_transfer,balance_not_updated_after_bank_transfer,balance_not_updated_after_bank_transfer
"I'd like to get a Visa card, please.",visa_or_mastercard,visa_or_mastercard,visa_or_mastercard,visa_or_mastercard
When do i activate auto top-up?,automatic_top_up,automatic_top_up,automatic_top_up,automatic_top_up
how come when i got cash the exchange rate was different than it should be,wrong_exchange_rate_for_cash_withdrawal,wrong_exchange_rate_for_cash_withdrawal,wrong_exchange_rate_for_cash_withdrawal,wrong_exchange_rate_for_cash_withdrawal
How long does it take to get my money,transfer_timing,card_delivery_estimate,card_delivery_estimate,card_delivery_estimate
My card payment was not successful.,declined_card_payment,declined_card_payment,declined_card_payment,declined_card_payment
I can't get money out of the ATM. Is my card actually working? It's the first time I tried using it,declined_cash_withdrawal,declined_cash_withdrawal,declined_cash_withdrawal,declined_cash_withdrawal
Can I use my card to withdraw from my account?,atm_support,card_acceptance,declined_cash_withdrawal,declined_cash_withdrawal
I messed up and made a transaction using the wrong account.,cancel_transfer,cancel_transfer,cancel_transfer,cancel_transfer
Can you explain the various transaction times shown on my statement?,transaction_charged_twice,extra_charge_on_statement,extra_charge_on_statement,transaction_charged_twice
Why do I have to pay extra for using my card?,card_payment_fee_charged,card_payment_fee_charged,card_payment_fee_charged,card_payment_fee_charged
I was trying to purchase some crypto and the app won't allow me to do it. What's the deal with this? I really wanted to complete the exchange.,beneficiary_not_allowed,beneficiary_not_allowed,beneficiary_not_allowed,beneficiary_not_allowed
There is a withdrawal waiting.,pending_cash_withdrawal,cash_withdrawal_not_recognised,cash_withdrawal_not_recognised,cash_withdrawal_not_recognised
Can I use a credit card from the US to top up?,supported_cards_and_currencies,supported_cards_and_currencies,supported_cards_and_currencies,supported_cards_and_currencies
I no longer have my phone.,lost_or_stolen_phone,lost_or_stolen_phone,lost_or_stolen_phone,lost_or_stolen_phone
"Hello, my transfers are getting failed continuously, in spite of the fact that all the recipient details are correct. Please advise.",declined_transfer,declined_transfer,declined_transfer,declined_transfer
i need to add express delivery if that's an option,card_delivery_estimate,supported_cards_and_currencies,supported_cards_and_currencies,supported_cards_and_currencies
When the time is right will this automatically replenish my balance?,automatic_top_up,balance_not_updated_after_bank_transfer,balance_not_updated_after_bank_transfer,balance_not_updated_after_bank_transfer
"Money was taken out without my consent,",cash_withdrawal_not_recognised,cash_withdrawal_not_recognised,cash_withdrawal_not_recognised,cash_withdrawal_not_recognised
"Hello,  I noticed the money for an item I purchased online and have already received has been returned to my checking account. Was there an issue with the merchant accepting my payment? Or, possibly, with the bank sending it?",reverted_card_payment?,reverted_card_payment?,reverted_card_payment?,reverted_card_payment?
I was charged for the same thing twice,transaction_charged_twice,transaction_charged_twice,transaction_charged_twice,transaction_charged_twice
I cannot get my disposable virtual card to work,virtual_card_not_working,virtual_card_not_working,virtual_card_not_working,virtual_card_not_working
I have no more money in my account.  Is there a way to do a bank transfer to put money into my account?,transfer_into_account,transfer_into_account,transfer_into_account,transfer_into_account
"I am unable to activate my card, it won't let me.",activate_my_card,activate_my_card,activate_my_card,activate_my_card
top up for my american express card is not working,apple_pay_or_google_pay,supported_cards_and_currencies,supported_cards_and_currencies,supported_cards_and_currencies
Where is the PIN for my card located?,get_physical_card,get_physical_card,get_physical_card,get_physical_card
i tried to do a transfer to an account but it didn't work,beneficiary_not_allowed,beneficiary_not_allowed,beneficiary_not_allowed,beneficiary_not_allowed
I am not able to prove my identity,unable_to_verify_identity,unable_to_verify_identity,unable_to_verify_identity,unable_to_verify_identity
I can't see a refund for a return I completed recently.,Refund_not_showing_up,Refund_not_showing_up,Refund_not_showing_up,Refund_not_showing_up
Help! I need to transfer something to China.,transfer_timing,transfer_timing,transfer_timing,transfer_timing
What are eligible holding and exchange currencies?,fiat_currency_support,fiat_currency_support,fiat_currency_support,fiat_currency_support
Tell me why my balance did not change when I tranferred cash.,balance_not_updated_after_bank_transfer,balance_not_updated_after_cheque_or_cash_deposit,balance_not_updated_after_cheque_or_cash_deposit,balance_not_updated_after_cheque_or_cash_deposit
Can I open up an account for my child?,age_limit,age_limit,age_limit,age_limit
Machines make mistakes too! The ATM gave me the wrong amount of money. Too much!,wrong_amount_of_cash_received,wrong_amount_of_cash_received,wrong_amount_of_cash_received,wrong_amount_of_cash_received
I made a payment but it's still pending,pending_card_payment,pending_card_payment,pending_card_payment,pending_card_payment
I would like to know if you use Visa or Mastercard.,visa_or_mastercard,visa_or_mastercard,visa_or_mastercard,visa_or_mastercard
on my statement there is a payment that I don't recognise,card_payment_not_recognised,card_payment_not_recognised,card_payment_not_recognised,card_payment_not_recognised
Extra charge during transfer,transfer_fee_charged,transfer_fee_charged,transfer_fee_charged,transfer_fee_charged
why has a transaction to a friend been delayed?,transfer_not_received_by_recipient,transfer_not_received_by_recipient,transfer_not_received_by_recipient,transfer_not_received_by_recipient
I did a transfer and was charged a fee that should not have been charged!,transfer_fee_charged,transfer_fee_charged,transfer_fee_charged,transfer_fee_charged
How do I set my physical card PIN?,get_physical_card,order_physical_card,order_physical_card,get_physical_card
I think that there was an error in calculating the exchange rate.  I recently withdrew cash and received much less than expected.,wrong_exchange_rate_for_cash_withdrawal,wrong_exchange_rate_for_cash_withdrawal,wrong_exchange_rate_for_cash_withdrawal,wrong_exchange_rate_for_cash_withdrawal
Is it possible to exchange currencies using the app?,exchange_via_app,exchange_via_app,exchange_via_app,exchange_via_app
Help!  In the app there is a direct debit that I don't remember.,direct_debit_payment_not_recognised,direct_debit_payment_not_recognised,direct_debit_payment_not_recognised,direct_debit_payment_not_recognised
I have an unauthorized direct debit on my account,direct_debit_payment_not_recognised,direct_debit_payment_not_recognised,direct_debit_payment_not_recognised,direct_debit_payment_not_recognised
I lost my phone. What do I need to do?,lost_or_stolen_phone,lost_or_stolen_phone,lost_or_stolen_phone,lost_or_stolen_phone
How can I setup automatic top-up?,automatic_top_up,automatic_top_up,automatic_top_up,automatic_top_up
Will my transfer be done soon?,pending_transfer,pending_transfer,pending_transfer,pending_transfer
"It seems you keep declining my transfers. Before, it's always worked very well.Just now when I tried to buy something the card was declined. I tried more than once and it was the same thing each time.",declined_transfer,declined_transfer,declined_transfer,declined_transfer
Are there any charges for topping up my card?,top_up_by_card_charge,top_up_by_card_charge,top_up_by_card_charge,top_up_by_card_charge
My top up may have been reverted,top_up_reverted,top_up_reverted,top_up_reverted,top_up_reverted
I attempted to withdraw some money from an ATM this morning and received the wrong amount. Your app says I have enough money available in the account. Can someone tell me what's wrong?,wrong_amount_of_cash_received,wrong_amount_of_cash_received,wrong_amount_of_cash_received,wrong_amount_of_cash_received
After making a transfer from a UK account it's not showing up. How long do these transfers normally take for you? I want to be certain everything is all right.,balance_not_updated_after_bank_transfer,balance_not_updated_after_bank_transfer,balance_not_updated_after_bank_transfer,balance_not_updated_after_bank_transfer
Where do i verify a top-up card?,verify_top_up,verify_top_up,verify_top_up,verify_top_up
I would like to reactivate my card that I previously reported lost. I located the card this morning.,card_linking,card_linking,card_linking,card_linking
A payment that I didn't make appears in my app.,card_payment_not_recognised,card_payment_not_recognised,card_payment_not_recognised,card_payment_not_recognised
I need to exchange some foreign currency. What's the charge for doing that?,exchange_charge,exchange_charge,exchange_charge,exchange_charge
What's the time frame on EU transfers? I purchased something a couple of days ago but the seller hasn't received my payment.,pending_transfer,reverted_card_payment?,reverted_card_payment?,reverted_card_payment?
Do international transfers take longer?? I made a transfer from France 2 days ago but it's still not there yet...,balance_not_updated_after_bank_transfer,balance_not_updated_after_bank_transfer,balance_not_updated_after_bank_transfer,balance_not_updated_after_bank_transfer
Please tell me about disposable cards.,get_disposable_virtual_card,disposable_card_limits,disposable_card_limits,get_disposable_virtual_card
What am I being charged an extra pound when I haven't bought something worth that much?,extra_charge_on_statement,extra_charge_on_statement,extra_charge_on_statement,extra_charge_on_statement
"I sent money to someone but they haven't gotten it, what's going on?",transfer_not_received_by_recipient,transfer_not_received_by_recipient,transfer_not_received_by_recipient,transfer_not_received_by_recipient
Is there a problem with the payment that I see is still pending?,pending_card_payment,pending_card_payment,pending_card_payment,pending_card_payment
Hey there's a fee for a transfer on my account.  Why?!,transfer_fee_charged,transfer_fee_charged,transfer_fee_charged,transfer_fee_charged
Can I Transfer from SWIFT?,top_up_by_bank_transfer_charge,top_up_by_bank_transfer_charge,top_up_by_bank_transfer_charge,top_up_by_bank_transfer_charge
"The disposable cards, what are they for?",get_disposable_virtual_card,disposable_card_limits,disposable_card_limits,get_disposable_virtual_card
There is a direct debit transaction on my statement that I think is not mine. How do I remove?,direct_debit_payment_not_recognised,direct_debit_payment_not_recognised,direct_debit_payment_not_recognised,direct_debit_payment_not_recognised
"I have one of your cards, but I don't know how to link it.",card_linking,card_linking,card_linking,card_linking
How can I get cash back? The ATM just gave me the wrong amount that I've been actually charged though...,wrong_amount_of_cash_received,wrong_amount_of_cash_received,wrong_amount_of_cash_received,wrong_amount_of_cash_received
Why did it cost money to transfer funds?,transfer_fee_charged,beneficiary_not_allowed,beneficiary_not_allowed,transfer_fee_charged
Why do you need me to do an identity check?,why_verify_identity,why_verify_identity,why_verify_identity,why_verify_identity
How does on apply fora refund on an item he ordered? I ordere an item and have not received it yet so i want to cancel it and get a refund,request_refund,request_refund,request_refund,request_refund
What is the identity check for?,why_verify_identity,why_verify_identity,why_verify_identity,why_verify_identity
"Please help me with the amount that i have withdrawn from the ATM today, the ATM has given me wrong sum of amount, and i could see that the app is displaying the greater amount than taken out.",wrong_amount_of_cash_received,wrong_amount_of_cash_received,wrong_amount_of_cash_received,wrong_amount_of_cash_received
My card is not working when I try to use it.,card_not_working,card_not_working,card_not_working,card_not_working
What is the procedure of unblocking my PIN?,pin_blocked,pin_blocked,pin_blocked,pin_blocked
Why did my payment fail?,declined_card_payment,reverted_card_payment?,reverted_card_payment?,reverted_card_payment?
My card has been lost! help!,lost_or_stolen_card,lost_or_stolen_card,lost_or_stolen_card,lost_or_stolen_card
Is an auto top-up option available?,automatic_top_up,automatic_top_up,automatic_top_up,automatic_top_up
"What did you do with my money??? I just topped up, I saw the money was there, but now it's gone!! What did you do with it?",top_up_reverted,top_up_reverted,top_up_reverted,top_up_reverted
"It is still pending, I am still waiting. Your system just shows my top-up as pending. What is happening?",pending_top_up,pending_top_up,pending_top_up,pending_top_up
Please tell me what the exchange fee is.,exchange_charge,exchange_charge,exchange_charge,exchange_charge
Am I able to use Apple Pay?,apple_pay_or_google_pay,apple_pay_or_google_pay,apple_pay_or_google_pay,apple_pay_or_google_pay
What do I do if the ATM took my card?,card_swallowed,card_swallowed,card_swallowed,card_swallowed
How do you figure out the exchange rate? Can you explain why I got less money than expected?,wrong_exchange_rate_for_cash_withdrawal,exchange_rate,exchange_rate,exchange_rate
Are there virtual cards,getting_virtual_card,getting_virtual_card,getting_virtual_card,getting_virtual_card
My cash withdrawl has the wrong rate of exchange.,wrong_exchange_rate_for_cash_withdrawal,wrong_exchange_rate_for_cash_withdrawal,wrong_exchange_rate_for_cash_withdrawal,wrong_exchange_rate_for_cash_withdrawal
"After my checque or cash deposit, my balance didn't update.",balance_not_updated_after_cheque_or_cash_deposit,balance_not_updated_after_cheque_or_cash_deposit,balance_not_updated_after_cheque_or_cash_deposit,balance_not_updated_after_cheque_or_cash_deposit
Why can't I topup my account?,top_up_failed,terminate_account,terminate_account,terminate_account
"I'm interested in holding and exchange for flat currencies, what do you support?",fiat_currency_support,fiat_currency_support,fiat_currency_support,fiat_currency_support
what is the limit for top-ups?,top_up_limits,top_up_limits,top_up_limits,top_up_limits
how to get a new card in china,card_about_to_expire,card_about_to_expire,card_about_to_expire,card_about_to_expire
"I need to transfer money into my account, HOW?",transfer_into_account,transfer_into_account,transfer_into_account,transfer_into_account
Why was my withdrawal requested cancelled by the ATM?,declined_cash_withdrawal,declined_cash_withdrawal,declined_cash_withdrawal,declined_cash_withdrawal
My card arrived but I don't know how to get my PIN.,get_physical_card,get_physical_card,get_physical_card,get_physical_card
I can not find my phone or it has been stolen.,lost_or_stolen_phone,lost_or_stolen_phone,lost_or_stolen_phone,lost_or_stolen_phone
How can I exchange currencies using your app?,exchange_via_app,exchange_via_app,exchange_via_app,exchange_via_app
Who charged me a fee for paying by card?,card_payment_fee_charged,card_payment_fee_charged,card_payment_fee_charged,card_payment_fee_charged
What does it mean if my payment is pending?,pending_card_payment,pending_card_payment,pending_card_payment,pending_card_payment
There has been a payment  in the App that has not be done by me.,card_payment_not_recognised,card_payment_not_recognised,card_payment_not_recognised,card_payment_not_recognised
I did a payment but the app cancelled it.,reverted_card_payment?,reverted_card_payment?,reverted_card_payment?,reverted_card_payment?
I really need some help to understand why my transfer keeps failing. I'm trying to send money to a friend. Please help.,failed_transfer,failed_transfer,failed_transfer,failed_transfer
what are the exchange rates for foreign currency ATMs,wrong_exchange_rate_for_cash_withdrawal,exchange_rate,exchange_rate,wrong_exchange_rate_for_cash_withdrawal
Why is there are there two of the same transaction?,transaction_charged_twice,transaction_charged_twice,transaction_charged_twice,transaction_charged_twice
Do you have charges now when you pay with a card?,card_payment_fee_charged,card_payment_fee_charged,card_payment_fee_charged,card_payment_fee_charged
When will I receive a transfer from europe?,transfer_timing,transfer_timing,transfer_timing,transfer_timing
"I would like to give another card to my daughter, how can I proceed?",getting_spare_card,getting_spare_card,getting_spare_card,getting_spare_card
I've changed my mind on an item.  How do I get a refund?,request_refund,request_refund,request_refund,request_refund
Where do I get a disposable virtual card?,get_disposable_virtual_card,get_disposable_virtual_card,get_disposable_virtual_card,get_disposable_virtual_card
I made a transfer from France a couple days ago and don't see the transaction yet. How long does an international transfer take?,balance_not_updated_after_bank_transfer,balance_not_updated_after_bank_transfer,balance_not_updated_after_bank_transfer,balance_not_updated_after_bank_transfer
ATM is broken. It did not give me the full amount (30 pounds.)  I'm standing here with only 10 pounds and it's telling me it gave me 30 pounds. I need assistance now!,wrong_amount_of_cash_received,wrong_amount_of_cash_received,wrong_amount_of_cash_received,wrong_amount_of_cash_received
Do I need my phone to use the app?,lost_or_stolen_phone,lost_or_stolen_phone,lost_or_stolen_phone,lost_or_stolen_phone
How many days does a regular transaction take to complete?  I see a pending payment that hasn't changed in the last several days.,pending_card_payment,pending_card_payment,pending_card_payment,pending_card_payment
"I asked for a certain amount of money from the ATM, but it gave me a different amount. Less than what I asked for.",wrong_amount_of_cash_received,wrong_amount_of_cash_received,wrong_amount_of_cash_received,wrong_amount_of_cash_received
How do I find my PIN number?,get_physical_card,get_physical_card,get_physical_card,get_physical_card
How much is it to use my US debit or credit card to top up?,top_up_by_card_charge,top_up_by_card_charge,top_up_by_card_charge,top_up_by_card_charge
I just received my card and I'd like to activate it.,activate_my_card,activate_my_card,activate_my_card,activate_my_card
Where do I go to update details?,edit_personal_details,edit_personal_details,edit_personal_details,edit_personal_details
The ATM wouldn't let me have my money.,declined_cash_withdrawal,declined_cash_withdrawal,declined_cash_withdrawal,declined_cash_withdrawal
Can you tell me the countries you provide support for.,country_support,country_support,country_support,country_support
What is the number of transactions for one disposable card?,disposable_card_limits,disposable_card_limits,disposable_card_limits,disposable_card_limits
I need my card to be activated right now.,activate_my_card,activate_my_card,activate_my_card,activate_my_card
I think the exchange rate is wrong for my ATM withdrawal,wrong_exchange_rate_for_cash_withdrawal,wrong_exchange_rate_for_cash_withdrawal,wrong_exchange_rate_for_cash_withdrawal,wrong_exchange_rate_for_cash_withdrawal
"I want to start using my card, how do I activate it?",activate_my_card,activate_my_card,activate_my_card,activate_my_card
I am having a huge problem with my card being declined and it's really important that I top-up today.  Would you please look into this further and let me know how I can get this fixed?,top_up_failed,top_up_failed,top_up_failed,top_up_failed
Where do I go to activate my card?,activate_my_card,activate_my_card,activate_my_card,activate_my_card
"My marital status has change, I got to correct my name to reflect that.",edit_personal_details,edit_personal_details,edit_personal_details,edit_personal_details
Can I revive a physical card.,order_physical_card,order_physical_card,order_physical_card,order_physical_card
Why is the exchange rate different from what I expected?,card_payment_wrong_exchange_rate,card_payment_wrong_exchange_rate,card_payment_wrong_exchange_rate,wrong_exchange_rate_for_cash_withdrawal
"I needed cash today, so I used another provider's ATM, and when I attempted to withdraw, it declined. I just checked it out and I'm still showing my account with that amount pending! I didn't take any money out, it was declined, so I don't want that to be processed as a withdrawal.",pending_cash_withdrawal,pending_cash_withdrawal,pending_cash_withdrawal,pending_cash_withdrawal
I have some transactions on my account I did not make. Can you cancel my card and prevent further use.,compromised_card,cash_withdrawal_not_recognised,cash_withdrawal_not_recognised,compromised_card
Can you tell me why I was charged to withdraw cash?,cash_withdrawal_charge,cash_withdrawal_charge,cash_withdrawal_charge,cash_withdrawal_charge
Tell me how to setup a new PIN.,change_pin,change_pin,change_pin,change_pin
"I think my top up may have been reverted, what do I do?",top_up_reverted,top_up_reverted,top_up_reverted,top_up_reverted
How to access my virtual card,getting_virtual_card,getting_virtual_card,getting_virtual_card,getting_virtual_card
Looking at my account I've noticed a charge that appears to still be in progress. I had attempted to get money out of the machine earlier but the machine seemed to have been broken. I never received my money so will you please look into this for me? I don't want to be charged for money I never actually received.,pending_cash_withdrawal,pending_cash_withdrawal,pending_cash_withdrawal,pending_cash_withdrawal
There is a vendor name I don't recognize on a payment from my account. I don't think I made this payment.,card_payment_not_recognised,card_payment_not_recognised,card_payment_not_recognised,card_payment_not_recognised
What is the highest amount I can top-up?,top_up_limits,top_up_limits,top_up_limits,top_up_limits
Is it possible to have more than one disposable card?,disposable_card_limits,disposable_card_limits,disposable_card_limits,disposable_card_limits
Why is the app showing a still pending message on a withdraw that has already been done?,pending_cash_withdrawal,pending_card_payment,pending_card_payment,pending_card_payment
I've never been to that store.  That's a fraudulent charge.,card_payment_not_recognised,transfer_fee_charged,card_payment_not_recognised,card_payment_not_recognised
I want to cancel my card. I think someone else is using it.,compromised_card,compromised_card,compromised_card,compromised_card
Someone hacked into my cards account.,compromised_card,getting_spare_card,getting_spare_card,compromised_card
I have kids and I'm curious at what age could they start to use your service.,age_limit,age_limit,age_limit,age_limit
Was my card payment reverted?,reverted_card_payment?,reverted_card_payment?,reverted_card_payment?,reverted_card_payment?
I need to change my last name on my account because I just got married.,edit_personal_details,edit_personal_details,edit_personal_details,edit_personal_details
I tried to pay through my account but the payment is not going through. What's going on?,pending_card_payment,pending_card_payment,pending_card_payment,declined_card_payment
"My card couldn't complete a transfer, why?",failed_transfer,failed_transfer,failed_transfer,failed_transfer
My card payment is being declined and I've tried several times.,declined_card_payment,declined_card_payment,declined_card_payment,declined_card_payment
The ATM is showing it gave me the money I requested but I didn't get that amount.,wrong_amount_of_cash_received,wrong_amount_of_cash_received,wrong_amount_of_cash_received,wrong_amount_of_cash_received
I AM MISSING CASH FROM MY BANK ACCOUNT ACCORDING TO MY APP,cash_withdrawal_not_recognised,cash_withdrawal_not_recognised,cash_withdrawal_not_recognised,cash_withdrawal_not_recognised
"How long does it take for transfers to process?  I sent funds to a friend, and she says that she has not yet received anything.",transfer_not_received_by_recipient,transfer_not_received_by_recipient,transfer_not_received_by_recipient,transfer_not_received_by_recipient
"Hey, I have my card, how do I get it to show in the app?",card_linking,card_linking,card_linking,card_linking
Where are the Mastercard ATMs?,atm_support,atm_support,atm_support,atm_support
How can correct Top up with the app to work correctly?,top_up_failed,top_up_failed,top_up_failed,top_up_failed
"i needed money for a night out with the girls but i was declined, why?",declined_cash_withdrawal,declined_cash_withdrawal,declined_cash_withdrawal,declined_cash_withdrawal
I need to cancel a purchase?,request_refund,request_refund,request_refund,request_refund
I havn't received my PIN yet.,get_physical_card,get_physical_card,get_physical_card,get_physical_card
How do I add my new card?,card_linking,card_linking,card_linking,card_linking
Can you tell me about why the account I have was charged an extra 1$,extra_charge_on_statement,extra_charge_on_statement,extra_charge_on_statement,extra_charge_on_statement
Why do I need to verify my funds?,verify_source_of_funds,verify_top_up,verify_top_up,verify_source_of_funds
How do I authenticate my top-up?,verify_top_up,pending_top_up,pending_top_up,verify_top_up
The amount of cash I selected to withdraw is different than what I received.,wrong_amount_of_cash_received,wrong_amount_of_cash_received,wrong_amount_of_cash_received,wrong_amount_of_cash_received
I used my card the other day to get cash from an ATM and was charged an extra fee. I don't understand why I am being charged a fee all of a sudden. I thought it was free to withdraw from an ATM?,cash_withdrawal_charge,cash_withdrawal_charge,cash_withdrawal_charge,cash_withdrawal_charge
Can you tell me what i need for the identity check?,verify_my_identity,verify_my_identity,verify_my_identity,verify_my_identity
Why was I denied the option to transfer money to a selected beneficiary?,beneficiary_not_allowed,beneficiary_not_allowed,beneficiary_not_allowed,beneficiary_not_allowed
Why was my top up reverted?,top_up_reverted,top_up_reverted,top_up_reverted,top_up_reverted
think someone is using my card with permission,compromised_card,compromised_card,compromised_card,compromised_card
why would i be declined if i had money iin my account,declined_cash_withdrawal,declined_transfer,declined_transfer,declined_cash_withdrawal
Can I change my pin at an atm?,change_pin,change_pin,change_pin,change_pin
Why can't I withdraw money?,declined_cash_withdrawal,declined_cash_withdrawal,declined_cash_withdrawal,declined_cash_withdrawal
How can it be that my Card is not functioning anymore?,card_not_working,card_not_working,card_not_working,card_not_working
After my card expires what should I do?,card_about_to_expire,card_about_to_expire,card_about_to_expire,card_about_to_expire
Is there a fee to top up by bank transfers?,top_up_by_bank_transfer_charge,top_up_by_bank_transfer_charge,top_up_by_bank_transfer_charge,top_up_by_bank_transfer_charge
What do I do if I cannot access the app?,lost_or_stolen_phone,lost_or_stolen_phone,lost_or_stolen_phone,lost_or_stolen_phone
I was supposed to get a refund but I do not see it on my statement. When is it going to be updated?,Refund_not_showing_up,Refund_not_showing_up,Refund_not_showing_up,Refund_not_showing_up
Can I get paid for this in another currency?,receiving_money,receiving_money,receiving_money,receiving_money
"I thought I left my card at a restaurant, but they claim not to have it and now I don't have any idea where it is. I'm so worried that someone might be using it fraudulently. Is there any way to look into this?",lost_or_stolen_card,compromised_card,compromised_card,compromised_card
Why was there an additional fee on the payment I just made? I don't usually have additional fees applied to my payments.,card_payment_fee_charged,card_payment_fee_charged,card_payment_fee_charged,card_payment_fee_charged
How can I reset my darned PIN number?,pin_blocked,pin_blocked,pin_blocked,pin_blocked
"Hey, I attempted to top up my card today and for some reason it didn't work. When I did it the other way it worked just fine. Could you help me figure out why this is happening please?",top_up_failed,top_up_failed,top_up_failed,top_up_failed
Please verify my source of funds.,verify_source_of_funds,verify_source_of_funds,verify_source_of_funds,verify_source_of_funds
Why hasn't the transaction I did to my friend arrived yet?,transfer_not_received_by_recipient,transfer_not_received_by_recipient,transfer_not_received_by_recipient,transfer_not_received_by_recipient
What are the limitations on the disposable cards?,disposable_card_limits,disposable_card_limits,disposable_card_limits,disposable_card_limits
"How much time do transfers take? I sent money to a friend who needs it fast. It's been hours, and the money has not gone through.",transfer_not_received_by_recipient,transfer_not_received_by_recipient,transfer_not_received_by_recipient,transfer_not_received_by_recipient
Why would the app revert my payment?,reverted_card_payment?,reverted_card_payment?,reverted_card_payment?,reverted_card_payment?
"I made a card payment, but it has been declined?",declined_card_payment,declined_card_payment,declined_card_payment,declined_card_payment
I should have a refund in my statement but I can't see it,Refund_not_showing_up,Refund_not_showing_up,Refund_not_showing_up,Refund_not_showing_up
Why are there fees for using a card?,card_payment_fee_charged,top_up_by_card_charge,top_up_by_card_charge,top_up_by_card_charge
Can I have my card delivered on Tuesday?,card_delivery_estimate,card_delivery_estimate,card_delivery_estimate,card_delivery_estimate
Google Pay won't let me top up.,apple_pay_or_google_pay,apple_pay_or_google_pay,apple_pay_or_google_pay,apple_pay_or_google_pay
Why do you need to perform identity verification?,why_verify_identity,why_verify_identity,why_verify_identity,why_verify_identity
I don't think my top up worked,top_up_failed,top_up_failed,top_up_failed,top_up_failed
Since I just got married I need to change my name.,edit_personal_details,edit_personal_details,edit_personal_details,edit_personal_details
When will I get my money? It's been too long.,transfer_not_received_by_recipient,card_delivery_estimate,card_delivery_estimate,card_delivery_estimate
Where do I order additional cards?,getting_spare_card,order_physical_card,order_physical_card,order_physical_card
how many days processing new card?,contactless_not_working,card_arrival,card_arrival,card_about_to_expire
Will I need a new card or can I put my old card back into the app?,card_linking,card_linking,card_linking,card_linking
Where is my virtual card located?,getting_virtual_card,getting_virtual_card,getting_virtual_card,getting_virtual_card
When will my deposit post to my account?,balance_not_updated_after_cheque_or_cash_deposit,balance_not_updated_after_cheque_or_cash_deposit,balance_not_updated_after_cheque_or_cash_deposit,balance_not_updated_after_cheque_or_cash_deposit
Do you process SWIFT transfers?,top_up_by_bank_transfer_charge,top_up_by_bank_transfer_charge,top_up_by_bank_transfer_charge,top_up_by_bank_transfer_charge
What is the cost and time frame of getting a new card?,card_about_to_expire,card_about_to_expire,card_about_to_expire,card_about_to_expire
The exchange rate for case abroad is applied wrong.,wrong_exchange_rate_for_cash_withdrawal,wrong_exchange_rate_for_cash_withdrawal,wrong_exchange_rate_for_cash_withdrawal,wrong_exchange_rate_for_cash_withdrawal
"After putting in the wrong PIN too many times, I was blocked. Can you assist me in changing it?",pin_blocked,pin_blocked,pin_blocked,pin_blocked
"What is this card payment, I do not recognize it.",card_payment_not_recognised,card_payment_not_recognised,card_payment_not_recognised,card_payment_not_recognised
Is there a way for me to check my balance?,verify_source_of_funds,balance_not_updated_after_cheque_or_cash_deposit,balance_not_updated_after_cheque_or_cash_deposit,balance_not_updated_after_cheque_or_cash_deposit
Where in the European Union can I get a card?,country_support,country_support,country_support,country_support
My money disappeared! Please help??,top_up_reverted,top_up_reverted,top_up_reverted,top_up_reverted
Can my children open an account?,age_limit,age_limit,age_limit,age_limit
I returned an item but don't see it on my account?,Refund_not_showing_up,Refund_not_showing_up,Refund_not_showing_up,Refund_not_showing_up
I think my card is broke it's not working anymore,card_not_working,card_not_working,card_not_working,card_not_working
Why is my beneficiary not working?,beneficiary_not_allowed,beneficiary_not_allowed,beneficiary_not_allowed,beneficiary_not_allowed
When can I expect my refund?,Refund_not_showing_up,Refund_not_showing_up,Refund_not_showing_up,Refund_not_showing_up
My credit card got declined for top up! What's going on? Can you check on why it didn't go through?,top_up_failed,top_up_failed,top_up_failed,top_up_failed
I would like to cancel my previous transaction,cancel_transfer,cancel_transfer,cancel_transfer,cancel_transfer
What's up with verifying top-ups?,verify_top_up,top_up_limits,top_up_limits,top_up_limits
At what cash machines can I change my PIN?,change_pin,change_pin,change_pin,change_pin
How can I the person see my money transaction?,transfer_not_received_by_recipient,transfer_not_received_by_recipient,transfer_not_received_by_recipient,transfer_not_received_by_recipient
Why was there a fee with my cash withdrawal?,cash_withdrawal_charge,cash_withdrawal_charge,cash_withdrawal_charge,cash_withdrawal_charge
There is a strange payment on my card.,card_payment_not_recognised,card_payment_not_recognised,card_payment_not_recognised,card_payment_not_recognised
Can I change my pin at a cash machine?,change_pin,change_pin,change_pin,change_pin
"My top-up hasn't gone through, what happened?",top_up_failed,pending_top_up,pending_top_up,pending_top_up
How can I receive my salary in another currency?,receiving_money,receiving_money,receiving_money,receiving_money
I want a real card,order_physical_card,order_physical_card,order_physical_card,order_physical_card
I would like to exchange currency  What types are there?,exchange_via_app,exchange_charge,exchange_charge,exchange_via_app
I want to use a cheque to pay.,top_up_by_cash_or_cheque,top_up_by_cash_or_cheque,top_up_by_cash_or_cheque,top_up_by_cash_or_cheque
details need to be modified,edit_personal_details,edit_personal_details,edit_personal_details,edit_personal_details
Is there a top-up fee if you add money in USD?,top_up_by_card_charge,top_up_by_card_charge,top_up_by_card_charge,top_up_by_card_charge
Can you explain why my payment was charged a fee?,card_payment_fee_charged,card_payment_fee_charged,card_payment_fee_charged,card_payment_fee_charged
I made a cash withdrawal earlier and it's showing as pending.  What does that mean?,pending_cash_withdrawal,pending_cash_withdrawal,pending_cash_withdrawal,pending_cash_withdrawal
I made an online purchase and the order has not shown up. Give me my money back.,request_refund,request_refund,request_refund,request_refund
I tried to make a transfer and it failed.,failed_transfer,failed_transfer,failed_transfer,failed_transfer
I have cancelled payments to this card.,reverted_card_payment?,reverted_card_payment?,reverted_card_payment?,card_payment_fee_charged
I noticed a different charge while I was taking my money out.,cash_withdrawal_charge,cash_withdrawal_charge,cash_withdrawal_charge,cash_withdrawal_charge
What do I do if my Google pay top up isn't working?,apple_pay_or_google_pay,apple_pay_or_google_pay,apple_pay_or_google_pay,apple_pay_or_google_pay
How do I cancel a recent transfer?,cancel_transfer,cancel_transfer,cancel_transfer,cancel_transfer
Can a friend top up my account,topping_up_by_card,topping_up_by_card,topping_up_by_card,topping_up_by_card
Report stolen card,lost_or_stolen_card,lost_or_stolen_card,lost_or_stolen_card,lost_or_stolen_card
"I have the funds, why can I not use my top-up?",top_up_failed,pending_top_up,pending_top_up,pending_top_up
Why would a transfer to a beneficiary not go through?,beneficiary_not_allowed,beneficiary_not_allowed,beneficiary_not_allowed,beneficiary_not_allowed
I'd prefer a Mastercard.,visa_or_mastercard,visa_or_mastercard,visa_or_mastercard,visa_or_mastercard
How do I set up my card PIN?,get_physical_card,get_physical_card,get_physical_card,get_physical_card
show me how to top up,topping_up_by_card,top_up_by_cash_or_cheque,top_up_by_cash_or_cheque,topping_up_by_card
"How long do transfers to international banks take? I made one to france a couple of days ago, but it's still not there.",balance_not_updated_after_bank_transfer,balance_not_updated_after_bank_transfer,balance_not_updated_after_bank_transfer,balance_not_updated_after_bank_transfer
"How long does it take for transfers to be approved?  I sent funds to my girlfriend, and she says that she has not seen any approved funds in her account.",transfer_not_received_by_recipient,transfer_not_received_by_recipient,transfer_not_received_by_recipient,transfer_not_received_by_recipient
"Its been 3 days, How long will my transfer take to get to my wallet?",transfer_timing,transfer_timing,transfer_timing,transfer_timing
How can I check for an unsupported merchant for my transfer request?,declined_transfer,transfer_fee_charged,declined_transfer,declined_transfer
need to know places i can withdraw money,atm_support,atm_support,atm_support,atm_support
I got cash abroad and the exchange rate applied is wrong,wrong_exchange_rate_for_cash_withdrawal,wrong_exchange_rate_for_cash_withdrawal,wrong_exchange_rate_for_cash_withdrawal,wrong_exchange_rate_for_cash_withdrawal
Will I get charged for sending out more cards?,getting_spare_card,getting_spare_card,getting_spare_card,getting_spare_card
Can you see my new balance yet?,balance_not_updated_after_bank_transfer,balance_not_updated_after_bank_transfer,balance_not_updated_after_bank_transfer,balance_not_updated_after_bank_transfer
What can I expect if I use bank transfer to top up my account?,transfer_into_account,transfer_into_account,transfer_into_account,transfer_into_account
What do I have to do to get the virtual card to work?,virtual_card_not_working,getting_virtual_card,getting_virtual_card,virtual_card_not_working
Why have I been charged more than once for the same transaction?,transaction_charged_twice,transaction_charged_twice,transaction_charged_twice,transaction_charged_twice
Why is there a direct debit to my account? I didn't do that.,direct_debit_payment_not_recognised,direct_debit_payment_not_recognised,direct_debit_payment_not_recognised,direct_debit_payment_not_recognised
Can you please explain the topping up transfer process?,transfer_into_account,transfer_into_account,transfer_into_account,transfer_into_account
How come I did not get a virtual card yet?,getting_virtual_card,getting_virtual_card,getting_virtual_card,getting_virtual_card
The app failed to verify me.,unable_to_verify_identity,unable_to_verify_identity,unable_to_verify_identity,unable_to_verify_identity
Is it possible to top up using a cheque?,top_up_by_cash_or_cheque,top_up_by_cash_or_cheque,top_up_by_cash_or_cheque,top_up_by_cash_or_cheque
When will the money from my bank transfer be available?,balance_not_updated_after_bank_transfer,balance_not_updated_after_bank_transfer,balance_not_updated_after_bank_transfer,balance_not_updated_after_bank_transfer
I don't recognize the direct debit payment from the app.,direct_debit_payment_not_recognised,direct_debit_payment_not_recognised,direct_debit_payment_not_recognised,direct_debit_payment_not_recognised
Where is the cash I deposited?,balance_not_updated_after_cheque_or_cash_deposit,balance_not_updated_after_cheque_or_cash_deposit,balance_not_updated_after_cheque_or_cash_deposit,balance_not_updated_after_cheque_or_cash_deposit
What is the maximum transactions for one disposable card?,disposable_card_limits,disposable_card_limits,disposable_card_limits,disposable_card_limits
I would like to better understand why my pass-code is not working.,passcode_forgotten,passcode_forgotten,passcode_forgotten,passcode_forgotten
Am I able to open an account for my children?,age_limit,age_limit,age_limit,age_limit
Why am i being charged for withdrawing cash funds?,cash_withdrawal_charge,cash_withdrawal_charge,cash_withdrawal_charge,cash_withdrawal_charge
How long will a transfer from the US take?,transfer_timing,transfer_timing,transfer_timing,transfer_timing
Will I be charged an extra fee if I need to exchange currency?,exchange_charge,exchange_charge,exchange_charge,exchange_charge
I want to create a new pin.,change_pin,change_pin,change_pin,change_pin
I topped off my card is that something you will charge me for?,top_up_by_card_charge,card_arrival,card_arrival,card_delivery_estimate
"Your card pin can be changed at any Visa or MasterCard ATM with Pin services, excluding countries such as Belgium, Luxembourg, Austria, Germany, Spain, and France.",change_pin,visa_or_mastercard,visa_or_mastercard,change_pin
I am not happy with your company. Please delete my account asap.,terminate_account,terminate_account,terminate_account,terminate_account
I tried entering my passcode and it isn't working. Can you help?,passcode_forgotten,passcode_forgotten,passcode_forgotten,passcode_forgotten
Why does my transaction have an added fee?,extra_charge_on_statement,card_payment_fee_charged,card_payment_fee_charged,card_payment_fee_charged
Why is there a $1 charge on my statement?,extra_charge_on_statement,extra_charge_on_statement,extra_charge_on_statement,extra_charge_on_statement
can you tell me where to find the top-up verification code?,verify_top_up,verify_top_up,verify_top_up,verify_top_up
"My top up did not show up as shown and my money has disappeared, can you help me fix this glitch problem?",top_up_reverted,top_up_reverted,top_up_reverted,top_up_reverted
Am I able to get this shipped to China?,card_about_to_expire,card_about_to_expire,card_about_to_expire,card_about_to_expire
Please help me with my card. As i have tried to use my card in two different ATMs but repeatedly it was declining by ATM.,declined_cash_withdrawal,declined_cash_withdrawal,declined_cash_withdrawal,declined_cash_withdrawal
"I keep trying to make a payment, but it doesn't work.",declined_card_payment,failed_transfer,failed_transfer,declined_card_payment
What fiat currencies do you allow exchange with?,fiat_currency_support,fiat_currency_support,fiat_currency_support,fiat_currency_support
My card payment says pending and it hasn't changed,pending_card_payment,pending_card_payment,pending_card_payment,pending_card_payment
My disposable virtual card was rejected.,virtual_card_not_working,virtual_card_not_working,get_disposable_virtual_card,virtual_card_not_working
I got charged fees for withdrawing cash!,cash_withdrawal_charge,cash_withdrawal_charge,cash_withdrawal_charge,cash_withdrawal_charge
I CAN NOT FIND THE TOP-UP VERIFICATION CODE.,verify_top_up,verify_top_up,verify_top_up,verify_top_up
Do you accept Visa or Mastercard?,visa_or_mastercard,visa_or_mastercard,visa_or_mastercard,visa_or_mastercard
where has my transferred money gone?,transfer_not_received_by_recipient,balance_not_updated_after_bank_transfer,balance_not_updated_after_bank_transfer,balance_not_updated_after_bank_transfer
Could you tell me the fiat currencies that you work with?,fiat_currency_support,fiat_currency_support,fiat_currency_support,fiat_currency_support
"So, the card PIN?",get_physical_card,get_physical_card,get_physical_card,get_physical_card
Why can't I transfer money to a beneficiary,beneficiary_not_allowed,beneficiary_not_allowed,beneficiary_not_allowed,beneficiary_not_allowed
I want to top up my account. What payment methods are supported?,supported_cards_and_currencies,supported_cards_and_currencies,supported_cards_and_currencies,supported_cards_and_currencies
I would like to reactivate a card and wondered if that could be done?,card_linking,card_linking,card_linking,card_linking
The app doesn't believe its me.,unable_to_verify_identity,unable_to_verify_identity,unable_to_verify_identity,unable_to_verify_identity
I would like my card activated.,activate_my_card,activate_my_card,activate_my_card,activate_my_card
"When I withdrew money from my account the other day, I noticed that there was a fee.  I didn't think that there were any fees for withdrawals...?  How much will I be charged?",cash_withdrawal_charge,cash_withdrawal_charge,cash_withdrawal_charge,cash_withdrawal_charge
"I have a cash withdrawal that says it's pending, why?",pending_cash_withdrawal,pending_cash_withdrawal,pending_cash_withdrawal,pending_cash_withdrawal
"Could I please cancel my transfer, I paid it into the wrong account. I need to pay it into the right account by tomorrow.",cancel_transfer,cancel_transfer,cancel_transfer,cancel_transfer
Do I need to order a new card before it expires?,card_about_to_expire,card_about_to_expire,card_about_to_expire,card_about_to_expire
I have a payment that hasn't went through yet.,pending_card_payment,pending_card_payment,pending_card_payment,pending_card_payment
I didnt get the correct exchange rate for getting cash,wrong_exchange_rate_for_cash_withdrawal,wrong_exchange_rate_for_cash_withdrawal,wrong_exchange_rate_for_cash_withdrawal,wrong_exchange_rate_for_cash_withdrawal
Why was my payment declined? I keep trying my card but it's not working.,declined_card_payment,declined_card_payment,declined_card_payment,declined_card_payment
I tried to make a transfer and it didn't work.,failed_transfer,failed_transfer,failed_transfer,failed_transfer
Can I get a card in the US?,country_support,country_support,country_support,country_support
How often can I top up?,top_up_limits,top_up_limits,top_up_limits,top_up_limits
I am interested in changing my personal details.,edit_personal_details,edit_personal_details,edit_personal_details,edit_personal_details
Is there a way to find an ATM around me?,atm_support,declined_cash_withdrawal,declined_cash_withdrawal,atm_support
There was an extra fee when I was at the ATM.  Why?,cash_withdrawal_charge,cash_withdrawal_charge,cash_withdrawal_charge,cash_withdrawal_charge
Can I change my pin through the app?,change_pin,change_pin,change_pin,change_pin
"Help, my phone was stolen, please advise!",lost_or_stolen_phone,lost_or_stolen_phone,lost_or_stolen_phone,lost_or_stolen_phone
I was charged several times for something,transaction_charged_twice,transaction_charged_twice,transaction_charged_twice,transaction_charged_twice
Why is there a pending time on my transfer?,pending_transfer,pending_transfer,pending_transfer,pending_transfer
Can I get some help to get me card activated?,activate_my_card,activate_my_card,activate_my_card,activate_my_card
Can I withdraw from any ATM?,atm_support,declined_cash_withdrawal,declined_cash_withdrawal,atm_support
what can I do if I got my American Express in Apple Bay but top up is not working?,apple_pay_or_google_pay,apple_pay_or_google_pay,apple_pay_or_google_pay,apple_pay_or_google_pay
Am I supposed to verify my identity?,why_verify_identity,verify_my_identity,verify_my_identity,verify_my_identity
"I had a cheque deposited, but I don't see my money yet?",balance_not_updated_after_cheque_or_cash_deposit,balance_not_updated_after_cheque_or_cash_deposit,balance_not_updated_after_cheque_or_cash_deposit,balance_not_updated_after_cheque_or_cash_deposit
"Hi, I tried topping up for the first time today (I'm a new customer), and the transaction has shown as pending for the last half an hour. Can you fix it?",pending_top_up,pending_top_up,pending_top_up,pending_top_up
I sent a check into the system but still haven't received the cash yet,balance_not_updated_after_cheque_or_cash_deposit,balance_not_updated_after_cheque_or_cash_deposit,balance_not_updated_after_cheque_or_cash_deposit,balance_not_updated_after_cheque_or_cash_deposit
Why has my payment been declined? I paid by card.,declined_card_payment,declined_card_payment,declined_card_payment,declined_card_payment
Hello. Can you help figure out why the recent transfer from my UK bank account isn't showing up?,balance_not_updated_after_bank_transfer,balance_not_updated_after_bank_transfer,balance_not_updated_after_bank_transfer,balance_not_updated_after_bank_transfer
Where can I update my pin number?,change_pin,get_physical_card,get_physical_card,get_physical_card
Why have you declined my card payment?,declined_card_payment,declined_card_payment,declined_card_payment,declined_card_payment
"I purchased something while traveling, and the exchange rate applied was wrong.",card_payment_wrong_exchange_rate,card_payment_wrong_exchange_rate,card_payment_wrong_exchange_rate,card_payment_wrong_exchange_rate
"My phone was taken yesterday, is there something that I need to do?",lost_or_stolen_phone,lost_or_stolen_phone,lost_or_stolen_phone,lost_or_stolen_phone
HELP. My account has been deducted already and the Seller says they haven't received the money yet? When can they expect it?,reverted_card_payment?,reverted_card_payment?,transfer_not_received_by_recipient,reverted_card_payment?
Do you know the reason why my card payment was declined?,declined_card_payment,declined_card_payment,declined_card_payment,declined_card_payment
Why have I not received my PIN,get_physical_card,get_physical_card,get_physical_card,get_physical_card
Can an American resident apply to get a card?,country_support,order_physical_card,order_physical_card,order_physical_card
"Now that I have my card, how do I connect it to the app?",card_linking,card_linking,card_linking,card_linking
"Hi, I was at a restaurant later the week and when I went to look at my account I noticed that I got charged twice. I would like to get my money back from one of those transactions.",transaction_charged_twice,transaction_charged_twice,transaction_charged_twice,transaction_charged_twice
I believe that my transfer hasn't gone through.,failed_transfer,failed_transfer,failed_transfer,failed_transfer
I have no idea why but my transfers keep getting declined. I have double checked all the recipient details several times already and they're definitely correct.,declined_transfer,declined_transfer,declined_transfer,declined_transfer
What are the additional charges for a SWIFT transfer?,top_up_by_bank_transfer_charge,top_up_by_bank_transfer_charge,top_up_by_bank_transfer_charge,top_up_by_bank_transfer_charge
What should I do if my phone is lost or stolen?,lost_or_stolen_phone,lost_or_stolen_phone,lost_or_stolen_phone,lost_or_stolen_phone
What all is needed for the identity verification?,verify_my_identity,verify_my_identity,verify_my_identity,verify_my_identity
My top-up was rejected,top_up_failed,top_up_reverted,top_up_reverted,top_up_reverted
Can I have a supplementary card?,getting_spare_card,getting_spare_card,getting_spare_card,getting_spare_card
Under what condition will my payment revert?,reverted_card_payment?,reverted_card_payment?,reverted_card_payment?,reverted_card_payment?
I have a pending transaction,pending_transfer,pending_card_payment,pending_card_payment,pending_card_payment
What to do if my card has been used without my permission?,compromised_card,compromised_card,compromised_card,compromised_card
"i tried using a virtual card for a hotel but it didn't work, why not",disposable_card_limits,declined_card_payment,declined_card_payment,declined_card_payment
"In the app, I see a withdrawal I didn't make.",cash_withdrawal_not_recognised,cash_withdrawal_not_recognised,cash_withdrawal_not_recognised,cash_withdrawal_not_recognised
What is the maximum number of transactions that I can put on a disposable card?,disposable_card_limits,disposable_card_limits,disposable_card_limits,disposable_card_limits
"How long does the ""pending"" period of a transfer take?",pending_transfer,pending_transfer,pending_transfer,pending_transfer
Why was I charged extra when paying with card?,card_payment_fee_charged,card_payment_fee_charged,card_payment_fee_charged,card_payment_fee_charged
I want to start using my card.,activate_my_card,card_payment_fee_charged,card_payment_fee_charged,card_payment_fee_charged
I'm not sure if my pop-up went through.,top_up_failed,pending_top_up,pending_top_up,pending_top_up
I do not want a VISA card.,visa_or_mastercard,visa_or_mastercard,visa_or_mastercard,visa_or_mastercard
Please help me!  A payment I made had an error on the account number and I can't cancel on my side.  Can you cancel it?,cancel_transfer,cancel_transfer,cancel_transfer,cancel_transfer
"i need a refund from you because the merchant is refusing, can you do that?",Refund_not_showing_up,Refund_not_showing_up,Refund_not_showing_up,Refund_not_showing_up
Will it be possible to change from USD to GBP with this App?,exchange_via_app,exchange_via_app,exchange_via_app,exchange_via_app
My card would not work at a shop.,declined_card_payment,declined_card_payment,declined_card_payment,declined_card_payment
Will I be charged for transfers?,transfer_fee_charged,top_up_by_bank_transfer_charge,top_up_by_bank_transfer_charge,top_up_by_bank_transfer_charge
The exchange rate was messed up from the ATM,wrong_exchange_rate_for_cash_withdrawal,wrong_exchange_rate_for_cash_withdrawal,wrong_exchange_rate_for_cash_withdrawal,wrong_exchange_rate_for_cash_withdrawal
Will you send me a new card in China?,card_about_to_expire,card_about_to_expire,card_about_to_expire,card_about_to_expire
Can you explain to me why a top-up would still be pending?,pending_top_up,pending_top_up,pending_top_up,pending_top_up
I can't withdraw any money from my account. Ive tried a couple different ATM machines and both of them wouldn't give me my money. What's going on? Is my account frozen or something?,declined_cash_withdrawal,declined_cash_withdrawal,declined_cash_withdrawal,declined_cash_withdrawal
What is the estimated date for delivery to US?,card_delivery_estimate,card_delivery_estimate,card_delivery_estimate,card_delivery_estimate
I think I am having an issue with withdraws on my card. It was declined on the way to work this morning. This hasn't happened in the past.,declined_cash_withdrawal,declined_cash_withdrawal,declined_cash_withdrawal,declined_cash_withdrawal
Can I have a card even if I am not living in the UK?,country_support,country_support,country_support,country_support
When I was transferring money I was charged extra why?,transfer_fee_charged,transfer_fee_charged,transfer_fee_charged,transfer_fee_charged
I have to make more then a few disposable cards per day.,disposable_card_limits,disposable_card_limits,disposable_card_limits,disposable_card_limits
It's not letting me transfer money to my beneficiery.,beneficiary_not_allowed,beneficiary_not_allowed,beneficiary_not_allowed,beneficiary_not_allowed
Can I trace where my funds came from?,verify_source_of_funds,verify_source_of_funds,verify_source_of_funds,verify_source_of_funds
I don't understand why I was charged an additional fee for this service. Can you clarify?,card_payment_fee_charged,card_payment_fee_charged,card_payment_fee_charged,card_payment_fee_charged
I didn't make a payment that shows in my app.,card_payment_not_recognised,card_payment_not_recognised,card_payment_not_recognised,card_payment_not_recognised
"If US cards have a top up charge, what is it?",top_up_by_card_charge,top_up_by_card_charge,top_up_by_card_charge,top_up_by_card_charge
Can I withdraw money in my hometown currency while on holiday without any additional fees?,wrong_exchange_rate_for_cash_withdrawal,wrong_exchange_rate_for_cash_withdrawal,wrong_exchange_rate_for_cash_withdrawal,wrong_exchange_rate_for_cash_withdrawal
I would like to know how my friend would be able to send me money,receiving_money,receiving_money,receiving_money,receiving_money
I did a money transfer to my account and it is not showing there.,balance_not_updated_after_bank_transfer,balance_not_updated_after_bank_transfer,balance_not_updated_after_bank_transfer,balance_not_updated_after_bank_transfer
How can I investigate a missing refund?,Refund_not_showing_up,Refund_not_showing_up,Refund_not_showing_up,Refund_not_showing_up
My source of funds require verification.,verify_source_of_funds,verify_source_of_funds,verify_source_of_funds,verify_source_of_funds
How do I use the disposable cards?,get_disposable_virtual_card,get_disposable_virtual_card,get_disposable_virtual_card,get_disposable_virtual_card
"Is there something wrong with my card payment? It's been pending a really, really long time.",pending_card_payment,pending_card_payment,pending_card_payment,pending_card_payment
Is there a way to undo a transaction?,cancel_transfer,cancel_transfer,cancel_transfer,cancel_transfer
What is the age requirement?,age_limit,age_limit,age_limit,age_limit
"My statement shows a 1£ purchase pending. I do not remember making this purchase, please let me know what this is about.",extra_charge_on_statement,extra_charge_on_statement,extra_charge_on_statement,extra_charge_on_statement
"I tried to get money out of an ATM in Notting Hill earlier, but it didn't work. Is my card actually working? It's the first time I tried using it",declined_cash_withdrawal,declined_cash_withdrawal,declined_cash_withdrawal,declined_cash_withdrawal
I need to get hold of a physical card?,order_physical_card,order_physical_card,order_physical_card,order_physical_card
What do I need to do to perform identity checks?,verify_my_identity,verify_my_identity,verify_my_identity,verify_my_identity
IS there anywhere that a card cannot be delivered?,order_physical_card,card_delivery_estimate,card_delivery_estimate,card_delivery_estimate
Where do I find the auto top up option?,automatic_top_up,automatic_top_up,automatic_top_up,automatic_top_up
Can I order another card?,getting_spare_card,getting_spare_card,getting_spare_card,getting_spare_card
I am not comfortable verifying my indentity.,why_verify_identity,unable_to_verify_identity,unable_to_verify_identity,unable_to_verify_identity
How do I validate my identity.,verify_my_identity,verify_my_identity,verify_my_identity,verify_my_identity
Which locations can I withdraw money from?,atm_support,atm_support,atm_support,atm_support
My atm withdraw is stillpending,pending_cash_withdrawal,declined_cash_withdrawal,declined_cash_withdrawal,declined_cash_withdrawal
I must make several disposable cards per day.,disposable_card_limits,disposable_card_limits,disposable_card_limits,disposable_card_limits
I hope you can help me. Someone has stolen my wallet and now I have noticed that they have been taking money from my account.,cash_withdrawal_not_recognised,cash_withdrawal_not_recognised,cash_withdrawal_not_recognised,cash_withdrawal_not_recognised
I didn't receive the correct exchange rate when I got cash.,wrong_exchange_rate_for_cash_withdrawal,wrong_exchange_rate_for_cash_withdrawal,wrong_exchange_rate_for_cash_withdrawal,wrong_exchange_rate_for_cash_withdrawal
What is the time frame that transfers normally take from a UK account? I just completed a transfer and nothing shows up. I need to know if everything is alright.,balance_not_updated_after_bank_transfer,balance_not_updated_after_bank_transfer,balance_not_updated_after_bank_transfer,balance_not_updated_after_bank_transfer
Is there a way to make my money usable in another country?,exchange_via_app,verify_source_of_funds,verify_source_of_funds,verify_source_of_funds
I am seeing a direct debit I wasn't aware of.,direct_debit_payment_not_recognised,direct_debit_payment_not_recognised,direct_debit_payment_not_recognised,direct_debit_payment_not_recognised
I tried to buy something over the Internet yesterday and got a declined error. I tried again today and got the same message. What is the issue?,declined_transfer,declined_transfer,declined_transfer,declined_transfer
When should I expect my card to arrive?,card_delivery_estimate,card_delivery_estimate,card_delivery_estimate,card_delivery_estimate
What is the wait time until money reaches my account?,transfer_timing,transfer_timing,transfer_timing,transfer_timing
How can I request cash back? The ATM just gave me a different amount than what I've been charged though...,wrong_amount_of_cash_received,wrong_amount_of_cash_received,wrong_amount_of_cash_received,wrong_amount_of_cash_received
A transfer has been made in my account that I need to cancel.  This was a mistake on my part and I hope we can get this resolved quickly.,cancel_transfer,cancel_transfer,cancel_transfer,cancel_transfer
"One of my charges was declined, but the second one went through.  But I notice on my App that one of them has gone through, and the other one is still pending.  Please ensure that only one charge is processed. Thanks",transaction_charged_twice,transaction_charged_twice,transaction_charged_twice,transaction_charged_twice
I'm confused ass to why my contactless is not working.,contactless_not_working,contactless_not_working,contactless_not_working,contactless_not_working
"Hi, Please help me to request cash back. As i have been withdrawn money from ATM, but i got wrong amount. in Application its showing the amount i have been charged through.",wrong_amount_of_cash_received,wrong_amount_of_cash_received,wrong_amount_of_cash_received,wrong_amount_of_cash_received
Are there directions to get a new passcode if I forgot mine?,passcode_forgotten,passcode_forgotten,passcode_forgotten,passcode_forgotten
I added money to the card but the transaction didn't go through,pending_top_up,transfer_not_received_by_recipient,transfer_not_received_by_recipient,transfer_not_received_by_recipient
How is an exchange rate calculated?,exchange_rate,exchange_rate,exchange_rate,exchange_rate
"I've been waiting a while for my card, is there a way to know when it will arrive?",card_arrival,card_arrival,card_arrival,card_arrival
"I think my pin has been compromised, what do I do?",change_pin,pin_blocked,pin_blocked,pin_blocked
Is this card available to Americans?,country_support,atm_support,atm_support,country_support
Why do you keep declining my payment? I tried several times already with this card and it is just not working.,declined_card_payment,declined_card_payment,declined_card_payment,declined_card_payment
My card still hasn't been delivered,card_arrival,card_arrival,card_arrival,card_arrival
Can I change my PIN remotely?,change_pin,change_pin,change_pin,change_pin
When will my balance reflect a deposit?,balance_not_updated_after_cheque_or_cash_deposit,balance_not_updated_after_cheque_or_cash_deposit,balance_not_updated_after_cheque_or_cash_deposit,balance_not_updated_after_cheque_or_cash_deposit
Where did my top-up go? I can't find it in my wallet,topping_up_by_card,top_up_reverted,top_up_reverted,top_up_reverted
"Hey I want to get a refund on something I bought, but not sure how to go about it. Can you please just cancel the payment, I have not received the item yet.",request_refund,request_refund,request_refund,request_refund
What factors effect the exchange rate?,exchange_rate,exchange_rate,exchange_rate,exchange_rate
"There is an extra charge on my account I didn't authorise, it's just £1, what is it?",extra_charge_on_statement,extra_charge_on_statement,extra_charge_on_statement,extra_charge_on_statement
"Hi, can you tell me why my transfer keeps being rejected? I've been trying to send money to my friends this morning but failed every time and I have no idea why?",failed_transfer,failed_transfer,failed_transfer,failed_transfer
I attemped a transfer and it didn't go through.,failed_transfer,failed_transfer,failed_transfer,failed_transfer
How can I top up my account by bank transfer?,transfer_into_account,transfer_into_account,transfer_into_account,transfer_into_account
how long will my cash withdrawal be pending for?,pending_cash_withdrawal,pending_cash_withdrawal,pending_cash_withdrawal,pending_cash_withdrawal
How do I get a refund for something I bought?,request_refund,request_refund,request_refund,request_refund
I am perplexed. Why is it that I received an extremely wrong rate when I tried to use an ATM using a foreign currency?,wrong_exchange_rate_for_cash_withdrawal,wrong_exchange_rate_for_cash_withdrawal,wrong_exchange_rate_for_cash_withdrawal,wrong_exchange_rate_for_cash_withdrawal
I exchange currencies a lot.  Can I get a discount?,exchange_charge,exchange_charge,exchange_charge,exchange_charge
"I see a transfer fee, but to my understand, that should have been free, what happened?",transfer_fee_charged,transfer_fee_charged,transfer_fee_charged,transfer_fee_charged
"My top-up was cancelled, could my bank be the problem?",top_up_reverted,top_up_reverted,top_up_reverted,top_up_reverted
My PIN has been blocked.,pin_blocked,pin_blocked,pin_blocked,pin_blocked
They is a payment I don't recognize on my statement.,card_payment_not_recognised,card_payment_not_recognised,card_payment_not_recognised,card_payment_not_recognised
"I don't understand what a disposable virtual card is, can you help?",get_disposable_virtual_card,get_disposable_virtual_card,get_disposable_virtual_card,get_disposable_virtual_card
"The transfer finally worked, but how long does it stay pending?",pending_transfer,pending_transfer,pending_transfer,pending_transfer
I want a reason as to why my beneficiary is not allowed?,beneficiary_not_allowed,beneficiary_not_allowed,beneficiary_not_allowed,beneficiary_not_allowed
Why did my card payment get declined?,declined_card_payment,declined_card_payment,declined_card_payment,declined_card_payment
"I need to exchange my GBP to AUD, how would I do this?",exchange_via_app,exchange_via_app,exchange_via_app,exchange_via_app
My card has been lost / stolen,lost_or_stolen_card,lost_or_stolen_card,lost_or_stolen_card,lost_or_stolen_card
"I seem to have been charged to much for my holiday purchases, the exchange rate is wrong.",card_payment_wrong_exchange_rate,card_payment_wrong_exchange_rate,card_payment_wrong_exchange_rate,wrong_exchange_rate_for_cash_withdrawal
Was I charged more than I should of been for a currency exchange?,card_payment_wrong_exchange_rate,exchange_charge,exchange_charge,exchange_charge
"I do not understand why there is a pending 1£ charge on my statement, I do not recall making this transaction. Can you please tell me what this is about?",extra_charge_on_statement,extra_charge_on_statement,extra_charge_on_statement,extra_charge_on_statement
When I topped up the app reverted it.,top_up_reverted,top_up_reverted,top_up_reverted,top_up_reverted
How do I perform identity checks?,verify_my_identity,verify_my_identity,verify_my_identity,verify_my_identity
Unable to use my American Express with Apple Pay to top up my account,apple_pay_or_google_pay,apple_pay_or_google_pay,apple_pay_or_google_pay,apple_pay_or_google_pay
I think my transfer failed. What do I do now?,failed_transfer,failed_transfer,failed_transfer,failed_transfer
What different currencies can I get?,exchange_via_app,fiat_currency_support,fiat_currency_support,fiat_currency_support
Is there a charge for using an European bank card for top up?,top_up_by_card_charge,top_up_by_card_charge,top_up_by_card_charge,top_up_by_card_charge
Can I have it delivered on a specific date?,card_delivery_estimate,card_delivery_estimate,card_delivery_estimate,card_delivery_estimate
Who do I talk to about the ATM swallowing my card?,card_swallowed,card_swallowed,card_swallowed,card_swallowed
How long do I have  to wait for my transaction to be completed?,transfer_not_received_by_recipient,transfer_not_received_by_recipient,transfer_timing,pending_transfer
I know I'm getting a new card but would like know when I can expect to receive it.,card_arrival,card_delivery_estimate,card_delivery_estimate,card_delivery_estimate
what currencies can I receive my salary in with this?,receiving_money,receiving_money,receiving_money,receiving_money
I made a transfer and they haven't received the money I sent them.,transfer_not_received_by_recipient,transfer_not_received_by_recipient,transfer_not_received_by_recipient,transfer_not_received_by_recipient
What do I have to do to get the contactless to work?,contactless_not_working,contactless_not_working,contactless_not_working,contactless_not_working
I just got my new card and tried using it and it was declined?,declined_card_payment,declined_card_payment,declined_card_payment,declined_card_payment
I tried to top up and suddenly my money disappeared,topping_up_by_card,top_up_reverted,top_up_reverted,topping_up_by_card
I tried to make a purchase in the store but my card was declined.,declined_card_payment,declined_card_payment,declined_card_payment,declined_card_payment
"In reviewing my statement, I show I have two charges for the same purchase at the same time, which I have not made in duplicate? How do I get this solved?",transaction_charged_twice,transaction_charged_twice,transaction_charged_twice,transaction_charged_twice
Why do I need to have my identity verified?,why_verify_identity,why_verify_identity,why_verify_identity,why_verify_identity
I'm not happy with service and would like to delete this account.,terminate_account,terminate_account,terminate_account,terminate_account
When will it be delivered to the US?,card_delivery_estimate,card_delivery_estimate,card_delivery_estimate,card_delivery_estimate
My transfer to another account was not allowed. Why is that?,beneficiary_not_allowed,beneficiary_not_allowed,beneficiary_not_allowed,beneficiary_not_allowed
Where do my funds originate from?,verify_source_of_funds,verify_source_of_funds,verify_source_of_funds,verify_source_of_funds
The exchange rate looks wrong on a holiday purchase,card_payment_wrong_exchange_rate,card_payment_wrong_exchange_rate,card_payment_wrong_exchange_rate,card_payment_wrong_exchange_rate
How old do my kids have to be use this?,age_limit,age_limit,age_limit,age_limit
What is the maximum I can top up?,top_up_limits,top_up_limits,top_up_limits,top_up_limits
My statement shows and extra 1$ that was charged to it and I would like to know why.,extra_charge_on_statement,extra_charge_on_statement,extra_charge_on_statement,extra_charge_on_statement
How do I get a PIN?,get_physical_card,get_physical_card,get_physical_card,get_physical_card
I made a cash deposit to my account but it is not there,balance_not_updated_after_cheque_or_cash_deposit,balance_not_updated_after_cheque_or_cash_deposit,balance_not_updated_after_cheque_or_cash_deposit,balance_not_updated_after_cheque_or_cash_deposit
"Hey, I ordered a thing but changed my mind and want a refund on it. Since I haven't received the thing, would you just go ahead and cancel the payment for me?",request_refund,request_refund,request_refund,request_refund
How are exchange rates determined?,exchange_rate,exchange_rate,exchange_rate,exchange_rate
"Help, I need to top up my account. Where do I send a check?",top_up_by_cash_or_cheque,top_up_by_cash_or_cheque,top_up_by_cash_or_cheque,top_up_by_cash_or_cheque
What is the delivery time for US?,card_delivery_estimate,card_delivery_estimate,card_delivery_estimate,card_delivery_estimate
I have an outgoing transfer,pending_transfer,transfer_fee_charged,pending_transfer,pending_transfer
Do I get charged for withdrawals?,cash_withdrawal_charge,cash_withdrawal_charge,cash_withdrawal_charge,cash_withdrawal_charge
Why are my transfers getting declined?  I havent had a problem in the past.,declined_transfer,declined_transfer,declined_transfer,declined_transfer
Could you please freeze my card immediately?,lost_or_stolen_card,cash_withdrawal_not_recognised,cash_withdrawal_not_recognised,cash_withdrawal_not_recognised
I have a problem with my account. I tried to transfer some funds and the message came back declined. Can you help me?,declined_transfer,declined_transfer,declined_transfer,declined_transfer
I purchased something about one to two weeks ago but for some reason the payment was returned to my account today even though I've already received one of the items. Can you tell me what's going on?,reverted_card_payment?,reverted_card_payment?,reverted_card_payment?,reverted_card_payment?
I deposited cash but it isn't showing up in my account,balance_not_updated_after_cheque_or_cash_deposit,balance_not_updated_after_cheque_or_cash_deposit,balance_not_updated_after_cheque_or_cash_deposit,balance_not_updated_after_cheque_or_cash_deposit
My physical card is not working,card_not_working,card_not_working,card_not_working,card_not_working
Why hasn't my cash been deposited yet?,balance_not_updated_after_cheque_or_cash_deposit,balance_not_updated_after_cheque_or_cash_deposit,balance_not_updated_after_cheque_or_cash_deposit,balance_not_updated_after_cheque_or_cash_deposit
I deposited cash into my account and I'm having trouble seeing it on my account.,balance_not_updated_after_cheque_or_cash_deposit,balance_not_updated_after_cheque_or_cash_deposit,balance_not_updated_after_cheque_or_cash_deposit,balance_not_updated_after_cheque_or_cash_deposit
What are the current exchange rates?,exchange_rate,exchange_rate,exchange_rate,exchange_rate
What do I need to do in order to get a new card?,order_physical_card,card_about_to_expire,card_about_to_expire,order_physical_card
I punched in the wrong pin too many times and I'm locked out.,pin_blocked,pin_blocked,pin_blocked,pin_blocked
I refilled my account balance but got an error message.,top_up_reverted,beneficiary_not_allowed,beneficiary_not_allowed,beneficiary_not_allowed
How do I avoid a fee to use an ATM?,cash_withdrawal_charge,cash_withdrawal_charge,cash_withdrawal_charge,cash_withdrawal_charge
i need to trace a deposit,verify_source_of_funds,balance_not_updated_after_cheque_or_cash_deposit,balance_not_updated_after_cheque_or_cash_deposit,balance_not_updated_after_cheque_or_cash_deposit
What ID do I need to verify my identity?,verify_my_identity,verify_my_identity,verify_my_identity,verify_my_identity
I made a transaction at an atm and was charged extra for it.,cash_withdrawal_charge,cash_withdrawal_charge,cash_withdrawal_charge,cash_withdrawal_charge
I attempted to get money in cash but it was refused!,declined_cash_withdrawal,declined_cash_withdrawal,declined_cash_withdrawal,declined_cash_withdrawal
My withdrawals were going smooth until I got declined today. What is going on?,declined_cash_withdrawal,declined_transfer,declined_transfer,declined_transfer
My exchange rate isn't correct.,card_payment_wrong_exchange_rate,card_payment_wrong_exchange_rate,card_payment_wrong_exchange_rate,card_payment_wrong_exchange_rate
My new card needs activating.,activate_my_card,activate_my_card,activate_my_card,activate_my_card
Why did I only receive a partial amount of what I tried to withdraw?,wrong_amount_of_cash_received,wrong_amount_of_cash_received,wrong_amount_of_cash_received,wrong_amount_of_cash_received
How does a disposable virtual card work?,get_disposable_virtual_card,get_disposable_virtual_card,get_disposable_virtual_card,get_disposable_virtual_card
wheres my pin,get_physical_card,get_physical_card,pin_blocked,get_physical_card
I cant transfer money into my account,beneficiary_not_allowed,transfer_into_account,transfer_into_account,transfer_into_account
I'd like to open an account for my kids can I do that?,age_limit,age_limit,age_limit,age_limit
Where do I find the auto top- up?,automatic_top_up,automatic_top_up,automatic_top_up,automatic_top_up
I have multiple of the same transaction,transaction_charged_twice,transaction_charged_twice,transaction_charged_twice,transaction_charged_twice
Is my daughter eligible to open an account?,age_limit,age_limit,age_limit,age_limit
An incorrect exchange rate was applied to an item I bought.,card_payment_wrong_exchange_rate,card_payment_wrong_exchange_rate,card_payment_wrong_exchange_rate,card_payment_wrong_exchange_rate
I have no way to prove my identity.,unable_to_verify_identity,unable_to_verify_identity,unable_to_verify_identity,unable_to_verify_identity
I don't recognize this debit transaction in my billing statement?,direct_debit_payment_not_recognised,direct_debit_payment_not_recognised,direct_debit_payment_not_recognised,direct_debit_payment_not_recognised
Can you tell me why my card payment was cancelled?,reverted_card_payment?,reverted_card_payment?,reverted_card_payment?,reverted_card_payment?
My cash deposit hasn't posted to my account.,balance_not_updated_after_cheque_or_cash_deposit,balance_not_updated_after_cheque_or_cash_deposit,balance_not_updated_after_cheque_or_cash_deposit,balance_not_updated_after_cheque_or_cash_deposit
Anytime I've made an ATM withdrawal before it has always been free. I now say that I have been charged for my most recent ATM withdrawal. What's going on here?,cash_withdrawal_charge,cash_withdrawal_charge,cash_withdrawal_charge,cash_withdrawal_charge
I think someone stole money from my card,cash_withdrawal_not_recognised,compromised_card,compromised_card,compromised_card
Why is my ATM cash withdrawal not working?,declined_cash_withdrawal,pending_cash_withdrawal,pending_cash_withdrawal,pending_cash_withdrawal
How can I dispute a debit transaction?,direct_debit_payment_not_recognised,direct_debit_payment_not_recognised,direct_debit_payment_not_recognised,direct_debit_payment_not_recognised
Why is there an extra charge of 1 dollar on my statement?,extra_charge_on_statement,extra_charge_on_statement,extra_charge_on_statement,extra_charge_on_statement
What card or currency can I use to pay?,supported_cards_and_currencies,supported_cards_and_currencies,supported_cards_and_currencies,supported_cards_and_currencies
"Someone has access to my card info.  I still have the card, but someone just withdrew cash.  How do I get this corrected/stopped?!",cash_withdrawal_not_recognised,compromised_card,compromised_card,compromised_card
are transfers to a beneficiary possible,beneficiary_not_allowed,beneficiary_not_allowed,beneficiary_not_allowed,beneficiary_not_allowed
I am planning activating my card was it possible?,activate_my_card,activate_my_card,activate_my_card,activate_my_card
I purchased something overseas and the incorrect exchange rate was applied.,card_payment_wrong_exchange_rate,card_payment_wrong_exchange_rate,card_payment_wrong_exchange_rate,card_payment_wrong_exchange_rate
Why couldn't I transfer funds to my beneficiary?,beneficiary_not_allowed,beneficiary_not_allowed,beneficiary_not_allowed,beneficiary_not_allowed
Why did my payment get declined?,declined_transfer,declined_card_payment,declined_card_payment,declined_card_payment
How long will a transfer from China take? I need to transfer something from there.,transfer_timing,transfer_timing,transfer_timing,transfer_timing
I believe a wrong exchange rate was applied towards a cash transaction I made abroad.,wrong_exchange_rate_for_cash_withdrawal,wrong_exchange_rate_for_cash_withdrawal,wrong_exchange_rate_for_cash_withdrawal,wrong_exchange_rate_for_cash_withdrawal
What do I do if I completed a money transfer but the recipient hasn't received it?,transfer_not_received_by_recipient,transfer_not_received_by_recipient,transfer_not_received_by_recipient,transfer_not_received_by_recipient
"It seems my card payment was completed twice. I paid at the store previously and the first one did not seem to go through. After a second attempt, it did go through. I now see within the app that I have been charged twice with one of them pending. Can you please remove the pending amount because it is clearly something that was declined?",transaction_charged_twice,transaction_charged_twice,transaction_charged_twice,transaction_charged_twice
What is the procedure for an expired card?,card_about_to_expire,card_about_to_expire,card_about_to_expire,card_about_to_expire
Please help me with my card payments which keeps getting reverted whenever i do online shopping. I am having this problem since last two weeks.,reverted_card_payment?,reverted_card_payment?,reverted_card_payment?,reverted_card_payment?
What is going on? I have checked over and over and the details of my account are right. Why is my transfer still pending? It's 2018 not 1818. Transfering money to another country can't be that hard.,pending_transfer,pending_transfer,pending_transfer,pending_transfer
can I use my card before identity verification?,why_verify_identity,why_verify_identity,why_verify_identity,why_verify_identity
What is this fee for transferring money?,transfer_fee_charged,transfer_fee_charged,transfer_fee_charged,transfer_fee_charged
I think the top up failed,top_up_failed,top_up_failed,top_up_failed,top_up_failed
How to receive the actual card,order_physical_card,order_physical_card,order_physical_card,order_physical_card
I haven't been sent my new pin!,get_physical_card,card_arrival,card_arrival,card_arrival
im worried about fraud how do you protect my account,verify_my_identity,terminate_account,terminate_account,terminate_account
Has my top-up been cancelled?,top_up_reverted,top_up_reverted,top_up_reverted,top_up_reverted
how should i add money to my card,top_up_by_card_charge,supported_cards_and_currencies,supported_cards_and_currencies,top_up_by_card_charge
My account transfer was blocked.,beneficiary_not_allowed,declined_transfer,declined_transfer,beneficiary_not_allowed
I thought you guys offered free transfers. Why was I charged?,transfer_fee_charged,transfer_fee_charged,transfer_fee_charged,transfer_fee_charged
can i use check to top up,top_up_by_cash_or_cheque,top_up_by_cash_or_cheque,top_up_by_cash_or_cheque,top_up_by_cash_or_cheque
Will you guys do Visa or Mastercard?,visa_or_mastercard,visa_or_mastercard,visa_or_mastercard,visa_or_mastercard
There's a cash withdrawal I didn't make,cash_withdrawal_not_recognised,cash_withdrawal_not_recognised,cash_withdrawal_not_recognised,cash_withdrawal_not_recognised
"I need a card reactivation, I had reported my card lost but I ran across it in my jacket.",card_linking,card_linking,card_linking,card_linking
What is your policy on withdrawing cash from an ATM? There is a fee on my account that wasn't there before I paid for my groceries.,cash_withdrawal_charge,cash_withdrawal_charge,cash_withdrawal_charge,cash_withdrawal_charge
The money that I have transferred hasn't arrived yet.,balance_not_updated_after_bank_transfer,transfer_not_received_by_recipient,transfer_not_received_by_recipient,balance_not_updated_after_bank_transfer
Why did you give me so little currency?,wrong_exchange_rate_for_cash_withdrawal,wrong_amount_of_cash_received,wrong_amount_of_cash_received,wrong_amount_of_cash_received
Can I get a Visa card?,visa_or_mastercard,visa_or_mastercard,visa_or_mastercard,visa_or_mastercard
I need help verifying my identity.,unable_to_verify_identity,why_verify_identity,why_verify_identity,why_verify_identity
Why hasn't my top up gone through?,pending_top_up,pending_top_up,pending_top_up,pending_top_up
Are cards from the US accepted?,supported_cards_and_currencies,supported_cards_and_currencies,supported_cards_and_currencies,supported_cards_and_currencies
"If I bought something I didn't like, can I get a refund?",request_refund,request_refund,request_refund,request_refund
Google pay top up not working.,apple_pay_or_google_pay,apple_pay_or_google_pay,apple_pay_or_google_pay,apple_pay_or_google_pay
"I get a ""decline"" message when doing a transfer",declined_transfer,declined_transfer,declined_transfer,declined_transfer
I sent money and the recipient has not received their money after two weeks.,transfer_not_received_by_recipient,transfer_not_received_by_recipient,transfer_not_received_by_recipient,transfer_not_received_by_recipient
What's the amount that I can top-up?,top_up_limits,top_up_limits,top_up_limits,top_up_limits
Why is the exchange rate on my card payment different than I expected?,card_payment_wrong_exchange_rate,card_payment_wrong_exchange_rate,card_payment_wrong_exchange_rate,card_payment_wrong_exchange_rate
Why did my card get charged twice for a transaction?,transaction_charged_twice,transaction_charged_twice,transaction_charged_twice,transaction_charged_twice
I need help proving that this is really me and to verify my identity.,unable_to_verify_identity,unable_to_verify_identity,unable_to_verify_identity,unable_to_verify_identity
"My card has an issue, the payment has been deferred.",reverted_card_payment?,reverted_card_payment?,reverted_card_payment?,reverted_card_payment?
Is there a charge for exchanging foreign currencies?,exchange_charge,exchange_charge,exchange_charge,exchange_charge
Why are you charging me fees for using my card?,card_payment_fee_charged,card_payment_fee_charged,card_payment_fee_charged,card_payment_fee_charged
"My PIN got blocked, help.",pin_blocked,pin_blocked,pin_blocked,pin_blocked
I didn't see any reason why my transfer was declined. What gives?,declined_transfer,declined_transfer,declined_transfer,declined_transfer
Can I use this card at any ATM?,atm_support,atm_support,atm_support,atm_support
"I usually don't get charged for transfers, why was I this month?",transfer_fee_charged,transfer_fee_charged,transfer_fee_charged,transfer_fee_charged
My card wasn't working in a shop,declined_card_payment,declined_card_payment,declined_card_payment,declined_card_payment
Is my PIN recorded anywhere?,get_physical_card,get_physical_card,get_physical_card,get_physical_card
Why is my disposable card not working?,virtual_card_not_working,disposable_card_limits,disposable_card_limits,disposable_card_limits
What happens with the duplicate charge in my account?,transaction_charged_twice,transaction_charged_twice,transaction_charged_twice,transaction_charged_twice
"Please tell me, do you use Visa or Mastercard?",visa_or_mastercard,visa_or_mastercard,visa_or_mastercard,visa_or_mastercard
Can I check my recent refund in my statement?,Refund_not_showing_up,Refund_not_showing_up,Refund_not_showing_up,Refund_not_showing_up
Is there a reason there's an extra fee on my statement?,extra_charge_on_statement,extra_charge_on_statement,extra_charge_on_statement,extra_charge_on_statement
Can I get more cards just incase?,getting_spare_card,getting_spare_card,getting_spare_card,getting_spare_card
Why hasn't my transaction completed?,transfer_not_received_by_recipient,transfer_not_received_by_recipient,transfer_not_received_by_recipient,transfer_not_received_by_recipient
Will you charge me more if I use a European bank card for a top up?,top_up_by_card_charge,top_up_by_card_charge,top_up_by_card_charge,top_up_by_card_charge
I've completely forgot the code to get into the app.,passcode_forgotten,passcode_forgotten,passcode_forgotten,passcode_forgotten
Can I exchange USD and GBP from the app?,exchange_via_app,exchange_via_app,exchange_via_app,exchange_via_app
I'm not recognizing the card payment.,card_payment_not_recognised,declined_card_payment,declined_card_payment,declined_card_payment
Is my card broken? I can't get cash out of the ATM,declined_cash_withdrawal,declined_cash_withdrawal,declined_cash_withdrawal,declined_cash_withdrawal
I got charged twice,transaction_charged_twice,transaction_charged_twice,transaction_charged_twice,transaction_charged_twice
If my card was lost or stolen can I re-link it?,card_linking,card_linking,card_linking,card_linking
Why hasn't my account updated to reflect my current balance?,balance_not_updated_after_bank_transfer,balance_not_updated_after_bank_transfer,balance_not_updated_after_bank_transfer,balance_not_updated_after_bank_transfer
Where can I check to see if there will be a fee added to my payment? Are there specific instances that will result in a fee added?,card_payment_fee_charged,card_payment_fee_charged,card_payment_fee_charged,card_payment_fee_charged
can I choose delivery times to suite me?,card_delivery_estimate,card_delivery_estimate,card_delivery_estimate,card_delivery_estimate
What is the max I can top up?,top_up_limits,top_up_limits,top_up_limits,top_up_limits
Can I use app to unblock my card?,pin_blocked,pin_blocked,pin_blocked,card_not_working
Why did you decline my transfer?,declined_transfer,declined_transfer,declined_transfer,declined_transfer
"I notice a transaction a couple of weeks ago in my account, from a seller that I don't recognize. Is there a way we can trace back the information to make sure it was truly something I did?",direct_debit_payment_not_recognised,direct_debit_payment_not_recognised,direct_debit_payment_not_recognised,direct_debit_payment_not_recognised
"The ATM would not give me cash,why?",declined_cash_withdrawal,declined_cash_withdrawal,declined_cash_withdrawal,declined_cash_withdrawal
my google pay seems to be acting up.,apple_pay_or_google_pay,apple_pay_or_google_pay,apple_pay_or_google_pay,apple_pay_or_google_pay
You have declined my  payment.,declined_card_payment,declined_card_payment,declined_card_payment,declined_card_payment
I'd prefer to use my American Express when putting funds into my account.,supported_cards_and_currencies,supported_cards_and_currencies,supported_cards_and_currencies,supported_cards_and_currencies
Why was a fee charged to me for transferring money?,transfer_fee_charged,transfer_fee_charged,transfer_fee_charged,transfer_fee_charged
I need to reset the passcode.,passcode_forgotten,passcode_forgotten,passcode_forgotten,passcode_forgotten
Can I choose my Visa or Mastercard?,visa_or_mastercard,visa_or_mastercard,visa_or_mastercard,visa_or_mastercard
Are there steps I need to take before my card expires?,card_about_to_expire,card_about_to_expire,card_about_to_expire,card_about_to_expire
passcode retrieval,passcode_forgotten,passcode_forgotten,passcode_forgotten,passcode_forgotten
My card was declined but it shows as multiple charges?,transaction_charged_twice,declined_card_payment,declined_card_payment,declined_card_payment
Where can I use this card?,card_acceptance,atm_support,atm_support,card_acceptance
i dont recognize a charge on my card,card_payment_not_recognised,card_payment_not_recognised,card_payment_not_recognised,card_payment_not_recognised
I don't have a password.,passcode_forgotten,passcode_forgotten,passcode_forgotten,passcode_forgotten
The amount of cash I received was not the full amount,wrong_amount_of_cash_received,wrong_amount_of_cash_received,wrong_amount_of_cash_received,wrong_amount_of_cash_received
Can I receive payments in another currency?,receiving_money,receiving_money,receiving_money,receiving_money
What should I expect to be charged on a SEPA transfer?,top_up_by_bank_transfer_charge,top_up_by_bank_transfer_charge,top_up_by_bank_transfer_charge,top_up_by_bank_transfer_charge
My statement indicates I made a payment to an unfamiliar merchant.,card_payment_not_recognised,card_payment_not_recognised,card_payment_not_recognised,card_payment_not_recognised
What was the $1 charge for on my statement?,extra_charge_on_statement,extra_charge_on_statement,extra_charge_on_statement,extra_charge_on_statement
Can currencies be exchanged on this app?,exchange_via_app,exchange_via_app,exchange_via_app,exchange_via_app
Hi I am trying to transfer money to another country but it is showing pending and it has been a long time.  I have checked numbers and they are correct.  Could you please help?,pending_transfer,pending_transfer,pending_transfer,pending_transfer
I want to open an account for my child.,age_limit,age_limit,age_limit,age_limit
Where do I need to go to change my PIN?,change_pin,change_pin,change_pin,change_pin
"I'm going on a trip soon and I needed to convert my Russian ruble to UK pounds, but when I did, your company charged me above the exchange rate. Did you mess up my transaction?",card_payment_wrong_exchange_rate,card_payment_wrong_exchange_rate,card_payment_wrong_exchange_rate,card_payment_wrong_exchange_rate
How can I verify the top-up card?,verify_top_up,verify_top_up,verify_top_up,verify_top_up
My app shows a money withdrawal that I did not do.,cash_withdrawal_not_recognised,cash_withdrawal_not_recognised,cash_withdrawal_not_recognised,cash_withdrawal_not_recognised
Why am I being asked to verify my identity?,why_verify_identity,why_verify_identity,why_verify_identity,why_verify_identity
It's been a few days since I've tried to pay a seller but the funds aren't going through. What is happening?,pending_card_payment,failed_transfer,failed_transfer,failed_transfer
"I'm having issues with my card. You guys keep declining it for some reason. I haven't had any issues up until this point. What is going on? I've tried a handful of times with the same, unfortunate, result!",declined_transfer,declined_card_payment,declined_card_payment,declined_card_payment
Tell me if there is a top-up limit.,top_up_limits,top_up_limits,top_up_limits,top_up_limits
Why is my card not working anymore?,card_not_working,card_not_working,card_not_working,card_not_working
What can I do to track the card you sent me?,card_arrival,card_arrival,card_arrival,card_arrival
My credit card payment has been in pending status for a super long time.  I don't get it.  Why is it like this?  When will it go through?,pending_card_payment,pending_card_payment,pending_card_payment,pending_card_payment
Why won't my card accept any transactions?,card_not_working,card_not_working,card_not_working,card_not_working
My top-up hasn't happened yet.,pending_top_up,pending_top_up,pending_top_up,pending_top_up
"Hey, I tried to withdraw some cash earlier and it's saying it's pending? Will I be charged for this?",pending_cash_withdrawal,pending_cash_withdrawal,pending_cash_withdrawal,pending_cash_withdrawal
"I tried to withdraw cash and got declined, why is that?",declined_cash_withdrawal,declined_cash_withdrawal,declined_cash_withdrawal,declined_cash_withdrawal
What is this direct debit in my statement?,direct_debit_payment_not_recognised,direct_debit_payment_not_recognised,direct_debit_payment_not_recognised,direct_debit_payment_not_recognised
My cash deposit isn't in my account. What happened?,balance_not_updated_after_cheque_or_cash_deposit,balance_not_updated_after_cheque_or_cash_deposit,balance_not_updated_after_cheque_or_cash_deposit,balance_not_updated_after_cheque_or_cash_deposit
When will my money be in my account?,transfer_timing,transfer_timing,transfer_timing,transfer_timing
Can I unblock my PIN in the app?,pin_blocked,pin_blocked,pin_blocked,pin_blocked
I am yet to receive the money in my account how long will this take?,transfer_timing,transfer_timing,transfer_timing,transfer_timing
What if I type in the wrong PIN too many times?,pin_blocked,pin_blocked,pin_blocked,pin_blocked
how come i was declined,declined_cash_withdrawal,declined_transfer,declined_transfer,declined_transfer
"My son has just turned 13, is he old enough for an account?",age_limit,age_limit,age_limit,age_limit
What currencies can be used for top up?,supported_cards_and_currencies,fiat_currency_support,fiat_currency_support,fiat_currency_support
Why was I double charged?,transaction_charged_twice,transaction_charged_twice,transaction_charged_twice,transaction_charged_twice
Will I have to pay extra to exchange money?,exchange_charge,exchange_charge,exchange_charge,exchange_charge
Do you support other currencies?,fiat_currency_support,supported_cards_and_currencies,supported_cards_and_currencies,supported_cards_and_currencies
I'm interested in getting a virtual card.  How do I get one?,getting_virtual_card,getting_virtual_card,getting_virtual_card,getting_virtual_card
The ATM won't let me take out cash,declined_cash_withdrawal,declined_cash_withdrawal,declined_cash_withdrawal,declined_cash_withdrawal
How long does it take for a top up to be approved?,pending_top_up,pending_top_up,pending_top_up,pending_top_up
Purchases I did not make are appearing in my bank statement?,direct_debit_payment_not_recognised,card_payment_not_recognised,card_payment_not_recognised,card_payment_not_recognised
"Hello, I am buying a flat and need the inital payment for the mortgage to go through. It keeps showing up as error, what is going on? Can you please help me make this transfer?",failed_transfer,failed_transfer,failed_transfer,failed_transfer
